ID,name,age,Sex,Civil Status,Having Degree,JOB ROLE,Work From,Work To,Tenure(Years),Salary(Rs),NoOfLeaves,Distance(km),NoOfDependents,Churn
E001,ERZRLSPQR,49,Female,Married,Yes,IT Manager,1970-11-14,1985-11-30,15,73500,5,43.674,5,1
E002,NKMPWNMK,25,Male,Single,No,Developer Intern,2001-11-14,2008-09-24,7,27600,5,41.78,1,0
E003,GIBRPCZS,31,Female,Married,Yes,Software Architecturer,2000-11-02,2001-07-10,1,80400,17,99.122,3,1
E004,EVNJD,45,Male,Single,Yes,IT App Man,1978-07-10,2006-01-01,28,53000,10,39.826,1,1
E005,PISULMGIK,33,Female,Single,Yes,QA Mananger,1979-01-18,1996-12-14,17,82600,5,99.977,0,1
E006,RQOZNFUXNEPWXSG,37,Male,Single,No,IT Trainee,1997-05-25,2005-12-05,8,20500,7,5.2,0,0
E007,BHUIS,28,Female,Single,Yes,Tech Lead,1984-10-21,1993-07-04,9,75000,0,66.628,2,1
E008,XIWFEQR,48,Male,Single,No,Developer Intern,2006-07-03,2012-09-22,6,27600,5,34.26,5,1
E009,XDGNYUBWXQ,26,Female,Single,No,,1990-08-24,1992-12-12,2,0,16,24.828,2,1
E0010,DDKMKLD,20,Female,Single,No,Developer Intern,1975-03-29,1994-11-14,19,27600,8,83.413,0,0
E0011,MXVGCLV,33,Female,Single,Yes,QA Mananger,2005-08-01,2011-09-11,6,82600,5,31.685,1,1
E0012,NWWZOPHYS,34,Female,Single,No,IT Officer - Intern,1974-12-08,1975-12-25,1,25400,16,14.817,2,1
E0013,VHLONWIIUM,33,Male,Single,Yes,,1986-05-15,2010-07-26,24,0,16,69.553,5,1
E0014,CQZLMSZ,40,Female,Single,No,Developer Intern,1974-11-17,2002-05-22,28,27600,1,33.586,1,1
E0015,JQQCTUJ,33,Male,Single,Yes,Software Architecturer,2008-06-19,2014-06-07,6,80400,0,63.266,3,1
E0016,TSJLPAQ,33,Female,Married,No,IT Officer - Intern,2006-04-12,2010-12-21,4,25400,20,77.551,5,1
E0017,IJYCEKFHN,28,Female,Single,Yes,System Admin,1989-09-29,2004-02-10,15,58700,11,4.301,5,0
E0018,GLOURIYKQFUE,50,Male,Single,Yes,Software Architecturer,1998-04-23,2012-06-28,14,80400,3,80.504,1,1
E0019,SIWPUGNJM,23,Female,Single,No,IT Trainee,2006-01-09,2014-03-30,8,20500,17,32.107,0,0
E0020,RBDILXEM,26,Male,Single,No,IT,2005-08-19,2006-10-10,1,20500,10,30.555,0,1
E0021,MSAWMGZJZ,27,Female,Married,No,Developer Intern,2007-01-16,2013-04-13,6,27600,6,33.726,3,1
E0022,LQNTRFBFTPCE,46,Male,Single,Yes,System Analyst,1981-03-24,1982-05-25,1,91250,14,65.053,0,0
E0023,FMPHCQIJYIU,42,Female,Married,No,IT Trainee,2002-06-25,2006-07-22,4,20500,11,89.757,2,1
E0024,FONHD,23,Female,Single,Yes,IT App Man,1991-04-23,2001-08-05,10,53000,4,86.735,5,0
E0025,KHPNUUPLU,47,Male,Single,Yes,Software Engineer,1988-06-29,2004-12-04,16,88550,8,48.939,5,0
E0026,JNKSBFYC,29,Male,Single,No,IT,1972-04-18,1996-02-14,24,20500,1,87.094,4,1
E0027,UIPZZOS,27,Female,Married,Yes,QA Mananger,1990-11-18,2013-10-11,23,82600,9,84.645,5,1
E0028,IOOHU,29,Female,Single,Yes,QA Mananger,1978-11-08,1985-11-04,7,82600,10,20.72,2,1
E0029,LYUMLSEOIHE,48,Female,Single,No,Developer Intern,2002-11-24,2009-07-20,7,27600,18,86.543,3,1
E0030,FIRXNCXY,42,Female,Married,No,IT Trainee,1977-08-21,2003-04-19,26,20500,9,64.693,3,1
E0031,BJOGOMGL,50,Female,Married,No,IT Officer - Intern,2009-05-21,2014-01-23,5,25400,17,87.971,4,1
E0032,EMPHTENCW,37,Male,Single,No,IT,1986-04-19,1991-11-07,5,20500,3,31.011,3,0
E0033,HOYCXUS,32,Male,Married,Yes,IT Manager,1983-09-21,2010-02-26,27,73500,5,98.66,2,0
E0034,AWYQLSRFMVYEF,43,Female,Single,Yes,IT Manager,1990-11-22,2014-07-17,24,73500,1,27.79,1,1
E0035,UJKNOZQTC,29,Male,Single,No,Software Engineering Intern,2001-06-19,2008-07-05,7,26700,19,14.874,1,0
E0036,DTPAMNZYJ,23,Female,Single,No,IT Officer - Intern,1979-08-07,2009-12-18,30,25400,5,93.93,3,0
E0037,HYMEIVC,32,Female,Single,No,Developer Intern,2009-06-04,2011-08-13,2,27600,12,82.519,3,1
E0038,TXJETCS,39,Female,Single,Yes,System Admin,1975-10-21,1982-03-13,7,58700,18,76.393,3,1
E0039,YFUVCKX,44,Female,Single,No,Software Engineering Intern,2001-02-09,2014-04-18,13,26700,7,54.116,2,1
E0040,JNEIETTXHY,49,Male,Single,No,IT Trainee,1974-01-23,1997-03-13,23,20500,1,47.537,1,0
E0041,OUDSYR,45,Male,Single,Yes,Tech Lead,1984-05-07,1987-11-30,3,75000,3,78.585,0,1
E0042,VPZJRVOOPD,40,Female,Single,Yes,IT Project Leader,1983-08-31,1997-12-31,14,78300,1,12.118,4,1
E0043,EZXTCMUSB,34,Female,Single,No,Software Engineering Intern,1984-12-05,2001-06-27,17,26700,16,50.91,5,1
E0044,HDOVERO,34,Male,Single,No,IT Officer - Intern,1994-08-07,2007-08-16,13,25400,19,44.973,3,0
E0045,RSMZJAPDQ,27,Male,Single,No,IT Trainee,1994-02-16,2013-03-02,19,20500,14,67.226,2,1
E0046,LOOZSWSWWLF,22,Male,Single,No,IT Trainee,1992-12-24,2011-01-16,19,20500,17,86.766,1,1
E0047,CGPNOGPOJSPLQ,50,Female,Married,Yes,System Analyst,1988-07-12,1998-12-04,10,91250,0,40.052,4,1
E0048,PIAECSIPIOGUC,39,Female,Single,Yes,Software Architecturer,1987-01-04,1999-06-02,12,80400,3,72.389,0,1
E0049,HBZGKDWSLIN,48,Female,Married,No,IT Officer - Intern,1972-10-25,1985-02-19,13,25400,6,52.404,4,1
E0050,OGBDX,42,Female,Married,No,Developer Intern,1989-11-23,2011-09-18,22,27600,20,38.532,1,1
E0051,HDBABQR,35,Female,Single,Yes,Software Engineer,1990-09-14,2004-06-29,14,88550,17,65.486,1,1
E0052,FBQFQI,37,Male,Married,No,IT Officer - Intern,1972-01-24,1988-09-07,16,25400,6,44.454,3,0
E0053,XZTHXEJ,25,Female,Single,No,,1981-08-27,2003-07-18,22,0,14,78.612,4,1
E0054,IBZBTIJQHBAZ,31,Female,Single,Yes,IT Project Leader,1995-01-19,2010-10-17,15,78300,2,5.055,4,1
E0055,GIEXSWJRZZZ,22,Female,Single,No,,1978-08-31,1998-12-24,20,0,5,60.056,5,0
E0056,JGCLIZGT,47,Female,Single,Yes,IT Project Leader,1985-01-04,1986-12-07,1,78300,3,59.134,4,1
E0057,XUNDO,29,Female,Single,No,Developer Intern,1971-12-25,1977-07-17,6,27600,7,15.186,3,1
E0058,LBAHMYICF,43,Female,Single,No,IT Officer - Intern,1981-08-22,2011-01-06,30,25400,6,18.487,3,1
E0059,GMQSRGEWZ,41,Female,Single,No,IT,2003-01-24,2012-04-24,9,20500,2,42.751,4,1
E0060,JXAXV,46,Female,Single,Yes,Software Engineer,2007-05-18,2008-09-15,1,88550,8,48.742,1,1
E0061,QEADDIWA,24,Female,Single,Yes,IT App Man,1998-10-12,2001-06-20,3,53000,10,16.531,3,1
E0062,SNDKAZOJ,50,Female,Single,Yes,Software Engineer,2003-09-08,2007-08-15,4,88550,19,92.196,1,1
E0063,SCNQNJKOEAAZ,46,Female,Single,No,IT,1995-08-09,2011-10-13,16,20500,1,51.117,0,1
E0064,RBVPXEF,49,Female,Single,No,Software Engineering Intern,1982-01-30,1987-11-18,5,26700,1,57.187,0,1
E0065,AAPUT,49,Male,Married,No,IT,2003-01-10,2014-08-12,11,20500,0,5.485,4,0
E0066,KKTTTH,22,Male,Single,Yes,QA Mananger,1992-02-29,2007-09-16,15,82600,5,2.479,2,0
E0067,GYZWLS,44,Female,Married,No,IT Officer - Intern,1975-08-07,1978-03-18,3,25400,2,61.829,5,1
E0068,YJWKRNO,27,Female,Married,Yes,System Analyst,1992-09-01,1998-04-27,6,91250,14,70.613,4,1
E0069,TLZKZK,48,Female,Single,No,IT Trainee,2009-12-15,2013-01-13,4,20500,6,92.296,4,1
E0070,KWFWK,25,Male,Single,No,IT Officer - Intern,1979-03-07,1980-05-04,1,25400,14,23.556,4,0
E0071,PCHSBVCCFDBWKVY,39,Male,Single,Yes,IT Manager,2009-01-15,2012-01-22,3,73500,8,8.168,3,1
E0072,DKLTZIC,47,Female,Single,Yes,Software Architecturer,1986-07-16,1999-12-17,13,80400,18,31.008,4,1
E0073,ZFSKLGUGNS,41,Female,Single,No,IT Trainee,1999-07-28,2005-11-05,6,20500,15,39.424,0,1
E0074,AYMNPSJV,32,Female,Single,Yes,Tech Lead,2003-07-09,2006-11-01,3,75000,8,7.078,0,0
E0075,IVLIVUSOX,48,Female,Single,No,IT Trainee,1971-12-01,1989-02-19,18,20500,14,8.597,1,0
E0076,XVCLWQJESN,38,Male,Single,No,Software Engineering Intern,1979-04-25,2004-04-04,25,26700,10,22.457,2,0
E0077,ISKGMMBFQLATU,39,Female,Single,No,IT,2006-12-17,2008-08-09,2,20500,19,99.579,0,1
E0078,JHCWLOT,41,Female,Single,No,IT,1990-05-24,2001-10-26,11,20500,8,91.024,1,1
E0079,KRFUS,42,Male,Single,No,IT,1994-10-02,1997-07-24,3,20500,18,90.128,1,0
E0080,BLYIOWZSF,23,Female,Single,No,IT Officer - Intern,1975-12-08,2009-01-16,34,25400,2,10.716,0,0
E0081,YHBKRAEX,45,Male,Single,No,IT Officer - Intern,2008-02-19,2010-08-22,2,25400,0,1.982,1,0
E0082,DYBTWKM,47,Female,Single,No,IT Trainee,1976-09-08,2004-02-21,28,20500,16,45.371,3,1
E0083,KKUHUHZR,27,Female,Single,No,IT Officer - Intern,1978-10-27,1988-04-18,10,25400,1,29.907,5,1
E0084,ZBLVUGQCDUK,48,Male,Married,No,,1987-07-21,2004-02-19,17,0,3,7.2,1,0
E0085,IPXVLCXSI,45,Female,Married,No,IT Trainee,1992-06-24,2008-02-24,16,20500,0,80.011,2,1
E0086,LJOVTY,48,Male,Single,No,IT,1974-11-06,1995-06-28,21,20500,19,38.455,2,0
E0087,OTQNKMT,20,Female,Single,No,Software Engineering Intern,1975-01-10,2001-04-19,26,26700,13,53.519,2,0
E0088,QUNQIABAWADE,44,Male,Married,No,IT,1983-11-30,2010-08-28,27,20500,16,56.945,0,1
E0089,SPUZIZI,40,Female,Single,Yes,Tech Lead,1996-08-04,2002-09-07,6,75000,3,89.509,0,1
E0090,PDSGZVKBV,24,Female,Single,No,Software Engineering Intern,1992-01-05,1999-08-09,7,26700,2,21.162,4,1
E0091,HTUQSQM,24,Female,Married,No,Developer Intern,1994-11-15,2010-08-12,16,27600,10,42.993,4,1
E0092,LPUBDSI,23,Male,Married,No,Developer Intern,1994-10-18,2001-11-13,7,27600,5,31.627,4,1
E0093,QDDBO,20,Female,Single,Yes,IT Project Leader,2004-05-30,2013-04-24,9,78300,4,21.786,5,1
E0094,USPDXH,26,Female,Single,No,IT,1983-06-06,2005-08-13,22,20500,7,91.717,3,1
E0095,NHDCZXGF,29,Female,Single,No,IT Trainee,2001-01-15,2012-03-04,11,20500,1,38.713,1,1
E0096,HDIEQMHWX,50,Male,Single,No,Developer Intern,1993-08-16,2010-05-07,17,27600,20,73.712,0,0
E0097,QGPHJIKMM,31,Female,Single,No,IT,2005-11-18,2010-07-09,5,20500,1,15.793,2,1
E0098,BKWICSNLNN,30,Female,Single,No,IT Officer - Intern,1996-06-03,2003-06-14,7,25400,20,21.547,5,1
E0099,NNLDFELSMJV,36,Male,Married,No,IT Officer - Intern,1980-08-02,2006-04-17,26,25400,14,96.663,1,1
E00100,YSRJNAUTTP,21,Female,Single,No,IT Officer - Intern,1974-06-26,1978-02-07,4,25400,5,96.35,5,0
E00101,XMDSNW,50,Female,Single,No,IT,1978-08-14,2001-11-06,23,20500,7,70.717,0,1
E00102,MEXLW,36,Male,Single,No,,1984-03-26,2014-06-07,30,0,15,80.4,0,0
E00103,UDHPPU,36,Female,Single,No,IT Officer - Intern,2002-01-03,2015-01-21,13,25400,3,7.305,4,0
E00104,PGQIDH,21,Female,Single,No,,1980-08-17,2009-01-25,29,0,2,37.243,1,0
E00105,PYUSXLIXXLYZOE,48,Male,Single,No,Developer Intern,1972-06-01,2012-04-28,40,27600,2,78.014,4,0
E00106,XKEPRUHNJE,21,Female,Single,No,IT Trainee,1976-06-19,2005-12-31,29,20500,15,18.762,0,0
E00107,TFKNDMNOA,22,Female,Married,No,IT Officer - Intern,2001-09-07,2014-11-24,13,25400,4,46.205,1,0
E00108,JDGOHPDFJ,37,Male,Single,No,IT Trainee,1979-10-04,2014-03-12,35,20500,12,29.841,2,1
E00109,OFFUVYZRXJFP,41,Male,Married,Yes,IT Project Leader,1993-09-19,2000-04-05,7,78300,7,14.707,4,0
E00110,RDGUWRTC,40,Male,Married,No,Software Engineering Intern,1985-06-20,1995-04-28,10,26700,0,61.223,0,0
E00111,TFRCUBQ,31,Female,Married,Yes,Tech Lead,1974-09-11,2002-05-30,28,75000,3,60.087,2,1
E00112,RQHUDFIW,50,Male,Married,No,Developer Intern,1999-03-06,2011-03-28,12,27600,16,69.652,5,0
E00113,CURITCTFTXS,47,Female,Single,Yes,IT App Man,1998-07-15,2014-02-03,16,53000,9,80.385,2,1
E00114,VZBCIEDTPC,36,Female,Single,Yes,IT Project Leader,2009-03-01,2012-02-21,3,78300,15,92.505,1,1
E00115,BNUWWUX,35,Female,Single,Yes,Software Engineer,1974-04-30,2000-05-03,26,88550,10,95.477,0,1
E00116,URHIWNY,23,Female,Single,No,Developer Intern,2010-08-08,2014-07-29,4,27600,7,71.912,4,1
E00117,GZFMAPJQU,31,Female,Married,Yes,Software Architecturer,2009-05-28,2014-06-13,5,80400,5,81.6,1,1
E00118,IHTFNNRRUPL,24,Male,Married,No,IT Officer - Intern,1998-06-29,2014-11-20,16,25400,3,68.672,4,1
E00119,UWTHGYQPGW,39,Female,Single,Yes,IT Project Leader,1988-10-11,1990-05-26,2,78300,1,64.874,4,1
E00120,IWTWGHFRK,50,Female,Single,No,IT Officer - Intern,2007-02-21,2013-10-07,6,25400,4,82.46,2,1
E00121,QNMUUPIUQHB,32,Male,Single,No,,1999-03-31,2013-12-02,14,0,5,10.796,4,1
E00122,JCPDFMOT,33,Male,Married,Yes,IT App Man,1993-03-03,2011-05-11,18,53000,3,83.086,5,1
E00123,QTQLEQYS,35,Male,Single,No,IT Trainee,1977-09-05,1997-10-17,20,20500,15,73.218,4,0
E00124,CYGFAGIAOWRA,41,Male,Married,Yes,System Analyst,2010-01-22,2014-06-26,4,91250,20,76.903,3,0
E00125,ZBQKVQAVQLF,34,Female,Married,No,IT Officer - Intern,2004-01-02,2010-10-19,6,25400,17,37.995,1,1
E00126,BYBHIJZ,28,Female,Single,No,Developer Intern,1971-01-30,1975-05-16,4,27600,13,35.8,5,1
E00127,ICCWVJQYVWO,44,Male,Single,Yes,IT App Man,1975-05-09,2001-02-23,26,53000,8,34.094,3,0
E00128,DGTCZXFRIHZIZJU,50,Female,Single,Yes,Software Architecturer,1984-03-21,2014-04-24,30,80400,11,16.118,1,1
E00129,MFNOBIXAS,46,Female,Married,No,,1998-01-06,2006-02-17,8,0,11,73.555,4,1
E00130,YZDTOOINS,21,Male,Single,No,IT Trainee,1983-09-22,1988-02-18,5,20500,14,52.183,4,1
E00131,SBQBOODLMQH,20,Female,Single,No,Developer Intern,1975-01-30,1990-06-20,15,27600,18,50.574,1,0
E00132,NFBEH,38,Male,Single,No,IT Officer - Intern,1991-11-11,2000-12-27,9,25400,3,91.794,5,1
E00133,IOIBDYDRTV,37,Female,Single,No,Software Engineering Intern,1980-05-22,2010-06-17,30,26700,7,23.39,0,1
E00134,CNXZUOJ,42,Female,Married,Yes,IT App Man,2002-08-15,2010-06-03,8,53000,7,38.938,4,1
E00135,YVXSYXJEJ,21,Male,Single,No,Developer Intern,1996-12-25,1998-04-05,2,27600,15,63.483,2,0
E00136,EVCDHIW,39,Female,Married,No,,1983-01-13,1996-09-17,13,0,12,46.306,3,1
E00137,PITSFNXSDP,40,Female,Married,Yes,Software Architecturer,1997-08-12,1999-06-19,2,80400,0,98.903,4,1
E00138,XRKFRPTUD,50,Male,Single,No,IT Trainee,1974-11-03,1978-07-08,4,20500,5,31.007,4,0
E00139,IQUND,41,Female,Married,No,Developer Intern,1982-04-01,1996-06-28,14,27600,18,51.525,5,1
E00140,GSPBRCXM,28,Female,Married,Yes,System Admin,1971-10-08,2002-02-25,31,58700,19,58.601,2,1
E00141,OJAJXA,23,Male,Single,No,Software Engineering Intern,1984-06-18,2000-01-15,16,26700,20,86.166,5,0
E00142,GYBAALQZR,42,Female,Single,No,,2003-03-15,2010-10-18,7,0,9,38.242,5,1
E00143,OLFXEWGOX,43,Female,Single,Yes,IT Manager,1974-09-01,2000-09-05,26,73500,6,2.183,1,0
E00144,CWLFNJUZR,35,Female,Single,No,IT Trainee,1987-02-02,1992-07-23,5,20500,3,51.235,2,1
E00145,JRQMYHS,45,Female,Single,No,Developer Intern,2008-06-27,2014-08-26,6,27600,19,36.788,3,1
E00146,ZHGYCAQEFSL,32,Female,Single,No,Software Engineering Intern,1988-05-06,2009-04-10,21,26700,0,85.09,1,1
E00147,VSACZOHBOKJU,48,Male,Single,No,IT Trainee,1986-07-31,1992-01-17,6,20500,18,68.958,3,0
E00148,OQEEZZUGR,22,Female,Single,No,,1973-12-07,2002-09-19,29,0,5,13.688,4,1
E00149,INSPCGJL,39,Female,Married,Yes,System Analyst,2006-05-12,2007-07-14,1,91250,1,59.366,2,1
E00150,MWYKBTRT,26,Male,Single,Yes,Software Architecturer,1979-01-14,2007-02-07,28,80400,1,30.185,3,0
E00151,NPHDNDUBY,36,Male,Single,No,Software Engineering Intern,1985-05-31,2008-01-02,23,26700,0,36.669,1,1
E00152,HUELLYO,36,Male,Single,No,Developer Intern,2000-02-13,2006-04-13,6,27600,4,8.376,5,0
E00153,IPGFCXMKDM,25,Female,Single,No,,2009-09-18,2012-12-12,3,0,14,77.282,4,1
E00154,LCRYKT,23,Male,Single,Yes,,1988-10-24,1997-01-06,9,0,19,70.713,2,1
E00155,FUUBH,48,Female,Married,Yes,Tech Lead,1997-01-01,2011-04-07,14,75000,3,60.81,2,1
E00156,MNJJQREMJS,36,Female,Married,No,Software Engineering Intern,1997-08-07,2012-05-10,15,26700,16,84.705,2,1
E00157,ITLTGLRGZU,22,Female,Single,Yes,Software Architecturer,1982-11-01,2009-04-12,27,80400,10,35.84,4,1
E00158,SMMHHQA,20,Male,Single,No,,2006-07-27,2013-07-14,7,0,15,51.228,3,1
E00159,BJEHGIJXU,47,Female,Single,No,IT,1985-01-12,1988-01-09,3,20500,6,8.531,4,0
E00160,SZNGXZ,43,Female,Single,Yes,Tech Lead,1971-02-27,2012-01-12,41,75000,11,7.67,1,1
E00161,MQMISPGWYB,35,Female,Married,No,Developer Intern,1997-05-08,2006-10-10,9,27600,11,75.684,2,1
E00162,IPBTJ,27,Female,Single,Yes,QA Mananger,1985-01-01,1992-05-09,7,82600,2,98.437,2,1
E00163,NOMXMDBO,36,Male,Single,Yes,Tech Lead,1977-12-08,1992-04-18,15,75000,10,73.233,4,0
E00164,PYVPKRPEUM,31,Female,Single,No,IT Trainee,1981-10-23,2000-03-05,19,20500,7,92.889,5,1
E00165,CYRILFDZWLPBGP,24,Female,Single,No,IT,2003-05-02,2004-05-03,1,20500,7,58.806,1,1
E00166,VJCEBZWKGY,22,Female,Single,Yes,,1972-08-08,1988-01-26,16,0,15,45.809,4,1
E00167,CQQQSN,29,Female,Single,No,IT Officer - Intern,1988-02-22,1992-09-29,4,25400,4,50.437,2,1
E00168,LWLYDQYGPA,47,Female,Married,Yes,System Admin,1992-06-30,2002-05-07,10,58700,13,67.029,0,1
E00169,WUCBVHZ,31,Female,Single,Yes,IT Project Leader,2005-02-19,2012-02-28,7,78300,15,44.056,5,1
E00170,FXUATH,25,Female,Married,No,Software Engineering Intern,1987-03-19,1995-01-02,8,26700,11,92.456,4,1
E00171,CIYQWEUC,22,Female,Single,No,Software Engineering Intern,1979-08-01,1992-11-07,13,26700,9,51.955,0,0
E00172,KJJQUMCXKFT,39,Male,Single,Yes,Software Engineer,2008-04-03,2011-05-03,3,88550,13,85.917,2,0
E00173,FIOVXFU,48,Male,Single,No,IT Trainee,2001-10-16,2006-05-13,5,20500,19,25.661,0,0
E00174,XAMFMJFWBDHO,20,Male,Married,No,IT Officer - Intern,2004-03-09,2007-09-10,3,25400,12,19.714,0,0
E00175,BYRYLQMW,47,Female,Married,No,IT,1975-09-30,2012-06-18,37,20500,8,37.433,3,1
E00176,BIGKGIZLL,44,Female,Single,No,Developer Intern,2001-10-29,2012-09-21,11,27600,0,11.794,4,1
E00177,QUSRRVSW,25,Male,Single,No,IT,1998-12-22,2011-11-30,13,20500,16,83.691,2,1
E00178,MIYED,45,Male,Single,No,Software Engineering Intern,1986-05-21,2012-08-08,26,26700,3,33.217,5,0
E00179,GGPFTDXK,43,Female,Married,No,IT,2004-10-16,2014-08-19,10,20500,19,64.809,3,1
E00180,IOFQWAV,40,Male,Single,No,Developer Intern,1983-03-04,1987-08-16,4,27600,10,68.11,4,0
E00181,KISFYB,39,Female,Married,No,Software Engineering Intern,1970-07-14,2006-06-17,36,26700,1,29.429,5,1
E00182,FDFNYIYQO,42,Male,Single,No,Software Engineering Intern,1979-01-21,1999-05-13,20,26700,12,32.526,4,1
E00183,OJOBBE,38,Female,Married,No,IT Trainee,1986-11-12,1993-04-02,7,20500,3,30.477,4,1
E00184,VBZBRVR,33,Female,Married,No,,1998-12-26,2004-08-01,6,0,0,21.873,0,1
E00185,TNKDZOUK,40,Female,Married,Yes,Software Engineer,1995-02-28,2008-05-10,13,88550,20,80.453,2,1
E00186,VTJIVNL,43,Female,Single,No,IT,1986-12-04,1997-06-25,11,20500,15,62.634,2,1
E00187,HFNDLASX,33,Female,Single,No,IT,1974-04-13,1991-02-10,17,20500,11,48.591,5,1
E00188,SHAPEPFK,37,Male,Married,No,IT,1981-08-06,1984-05-05,3,20500,14,34.242,0,1
E00189,GIFDQRTUOGL,30,Female,Single,Yes,Software Architecturer,1971-02-15,1978-12-07,7,80400,12,35.4,4,1
E00190,FYARO,39,Female,Married,No,,1970-02-22,1983-08-26,13,0,14,73.807,2,1
E00191,ADFWQMQORO,46,Female,Married,No,IT Officer - Intern,1975-12-14,1998-02-11,23,25400,15,11.194,4,1
E00192,MCFLXONY,47,Male,Single,No,Developer Intern,1989-07-15,2009-01-07,20,27600,4,47.176,0,1
E00193,PLXNYCNEUBHG,28,Female,Single,Yes,System Admin,1980-11-18,1982-04-21,2,58700,5,17.587,3,1
E00194,TAXHBYCZCEFRNB,37,Male,Single,Yes,System Admin,1977-12-27,1996-02-14,19,58700,15,7.765,5,0
E00195,EEHAQSWCTPQ,22,Female,Married,No,IT,1982-04-23,2003-05-19,21,20500,18,91.024,5,1
E00196,GMTGXCCBRRC,44,Male,Single,No,Software Engineering Intern,2003-11-14,2004-07-07,1,26700,10,27.689,1,0
E00197,IWFFYEBSQP,23,Female,Single,No,Developer Intern,1970-04-16,1977-05-01,7,27600,2,66.147,4,0
E00198,BSUTWD,40,Female,Single,No,Software Engineering Intern,1974-01-22,2010-10-26,36,26700,4,34.755,2,1
E00199,KDGVZBP,43,Female,Single,No,Developer Intern,1997-09-04,2002-04-28,5,27600,12,74.086,4,1
E00200,DGXRWVQJWT,47,Female,Single,Yes,System Admin,1971-07-10,1993-05-18,22,58700,12,95.952,1,1
E00201,AMWFCOAUXC,45,Female,Single,Yes,IT Project Leader,2004-05-13,2014-05-28,10,78300,16,78.331,2,1
E00202,HIZYTHFSATVX,23,Female,Married,No,IT Trainee,2008-10-13,2013-05-26,5,20500,18,74.682,0,0
E00203,WFKDAFYNM,24,Male,Single,No,,1979-05-23,1996-07-27,17,0,16,62.731,4,1
E00204,BXGAQHTP,48,Male,Married,No,IT,2008-02-28,2011-11-17,3,20500,10,93.622,5,0
E00205,TKAYWNDVAHJB,41,Male,Single,No,IT Officer - Intern,1970-11-22,1983-05-20,13,25400,20,45.39,5,0
E00206,KPMQT,20,Female,Single,Yes,IT App Man,2008-05-24,2012-05-17,4,53000,14,47.843,2,0
E00207,DFJIYE,30,Male,Married,Yes,System Analyst,1976-02-28,2007-06-30,31,91250,14,95.045,0,0
E00208,HHXINN,22,Female,Single,No,,2004-09-09,2011-11-21,7,0,20,61.024,3,0
E00209,NMPWLHGJPMU,23,Female,Married,No,IT Trainee,1971-08-28,1995-12-08,24,20500,0,93.318,3,0
E00210,JFHKXBCNV,50,Male,Single,No,IT Officer - Intern,1984-06-04,1994-06-18,10,25400,1,49.893,1,0
E00211,NGAJTTE,31,Female,Single,No,IT,1975-10-25,2004-11-07,29,20500,11,79.533,2,1
E00212,DDDSS,48,Female,Married,No,IT Officer - Intern,1989-01-16,1994-01-09,5,25400,14,82.495,2,1
E00213,SBDJCS,39,Male,Married,Yes,Software Engineer,2003-06-14,2011-06-25,8,88550,0,11.742,4,1
E00214,PEIMDLOQ,22,Male,Single,No,Software Engineering Intern,1986-11-09,1995-05-01,9,26700,10,66.702,5,0
E00215,SWYGFLMZH,20,Male,Married,Yes,System Admin,2001-06-27,2003-12-12,2,58700,0,47.264,0,1
E00216,PXRCKETA,20,Female,Married,Yes,System Admin,2004-04-30,2010-01-08,6,58700,19,89.748,0,0
E00217,IVIKUJWPNK,48,Female,Married,No,IT Trainee,1989-11-05,1994-03-16,5,20500,8,74.612,5,1
E00218,EJMVGP,21,Male,Married,Yes,IT App Man,1989-02-11,2005-03-19,16,53000,9,66.884,5,1
E00219,HPFHYEKQZP,29,Female,Married,No,IT Trainee,1973-05-09,2008-04-07,35,20500,7,24.779,3,1
E00220,LJGQWHYU,44,Female,Single,Yes,QA Mananger,1976-08-04,1993-11-27,17,82600,6,60.745,0,1
E00221,RFKIOMEWBW,50,Male,Married,No,Software Engineering Intern,1973-06-03,1987-04-20,14,26700,9,13.497,0,0
E00222,IGVHB,30,Female,Single,No,Developer Intern,1992-01-02,1993-06-30,1,27600,8,88.339,2,1
E00223,WNYIJ,22,Female,Single,Yes,Tech Lead,1985-10-10,2013-11-16,28,75000,5,97.377,0,1
E00224,WUXTUCDWJ,40,Female,Single,No,IT Officer - Intern,2003-01-26,2009-03-04,6,25400,8,78.594,5,1
E00225,TIGDQFTJ,36,Male,Married,No,IT Trainee,1974-11-21,2011-07-09,37,20500,10,25.903,1,1
E00226,AXAZXULTX,33,Female,Single,Yes,IT Project Leader,1974-08-22,1988-05-15,14,78300,5,10.078,5,1
E00227,ADLXTXD,21,Male,Married,Yes,Software Architecturer,1984-03-28,2009-02-21,25,80400,0,15.422,3,1
E00228,HIDFUWAGB,29,Male,Married,No,Developer Intern,1989-10-04,2004-09-28,15,27600,2,87.771,0,0
E00229,MQFRZ,21,Female,Married,No,Developer Intern,1991-01-25,1996-05-13,5,27600,15,29.378,1,0
E00230,RDVDL,38,Male,Married,No,IT Trainee,1993-12-19,2003-01-27,10,20500,0,65.086,4,0
E00231,EAQVBZSGFHXB,24,Male,Single,No,IT Trainee,1993-09-02,2004-07-09,11,20500,9,64.301,3,1
E00232,OUSOQL,23,Female,Single,Yes,Tech Lead,2001-03-19,2007-07-12,6,75000,17,74.593,4,0
E00233,MHEKGEFR,44,Female,Single,No,Developer Intern,1999-04-10,2002-08-25,3,27600,20,22.802,2,1
E00234,JQQEXQEP,42,Female,Single,Yes,IT Project Leader,1978-10-30,2012-02-21,34,78300,19,79.31,0,1
E00235,XKHPXWRFJDT,26,Female,Single,Yes,IT App Man,1984-01-20,2013-01-26,29,53000,8,94.663,1,1
E00236,YZBZGUOWTL,44,Female,Single,Yes,Software Engineer,1975-02-25,1987-08-17,12,88550,9,12.908,4,1
E00237,ODPEAK,42,Female,Married,No,Software Engineering Intern,1989-07-21,2012-12-02,23,26700,18,37.872,5,1
E00238,KBCGKZNIM,27,Male,Single,No,Software Engineering Intern,1989-05-16,2003-05-16,14,26700,17,4.059,0,0
E00239,ZGWOIAFX,40,Male,Single,No,IT Trainee,2009-12-08,2013-03-31,4,20500,19,18.612,3,0
E00240,MWRTYKDT,45,Female,Married,Yes,Software Engineer,2002-07-23,2007-09-06,5,88550,20,79.322,3,1
E00241,EUPRPOAY,47,Male,Married,Yes,Tech Lead,2001-01-05,2010-09-25,9,75000,19,30.588,2,1
E00242,KHHVQOAVK,34,Male,Single,No,IT,2004-12-17,2006-10-29,2,20500,1,83.039,4,1
E00243,WSJFJKWLK,46,Male,Single,Yes,System Analyst,1986-12-16,2000-02-12,14,91250,11,62.937,3,0
E00244,YCBEFXM,34,Male,Single,No,,1993-01-19,2004-02-15,11,0,8,46.489,5,1
E00245,FTALLSBWS,32,Female,Single,No,,2002-11-28,2011-08-09,9,0,5,39.513,3,1
E00246,AEVGUVZUTBVO,20,Female,Single,No,Developer Intern,2000-05-21,2012-11-26,12,27600,2,33.135,5,0
E00247,LXJOGZHD,20,Female,Married,No,IT Officer - Intern,1996-12-08,2003-11-19,7,25400,19,34.934,0,1
E00248,KPZNJEQJ,38,Female,Single,No,IT Trainee,1978-02-19,1987-04-05,9,20500,14,29.727,2,1
E00249,PNYRYEFT,25,Female,Married,No,Developer Intern,1987-03-01,2014-03-23,27,27600,16,98.331,5,1
E00250,BCMWPZB,48,Male,Married,No,IT,1979-01-01,1994-04-21,15,20500,6,13.244,1,1
E00251,IRTZXGLAY,37,Male,Single,No,Software Engineering Intern,1996-12-05,2014-05-05,18,26700,10,53.216,2,0
E00252,APSURXJFOLGFEW,22,Female,Married,Yes,System Admin,1996-01-28,2004-05-23,8,58700,8,3.543,4,0
E00253,IVCCYQSV,33,Female,Married,Yes,,2000-02-24,2003-08-23,3,0,10,88.211,1,1
E00254,FYNQWTBMQ,20,Female,Married,Yes,,1983-09-09,1999-11-11,16,0,16,72.643,1,1
E00255,TEINMSOSHJJ,42,Female,Single,No,IT,1980-05-28,1986-08-24,6,20500,20,79.826,5,1
E00256,URGUUSATN,37,Female,Married,No,IT Trainee,1996-09-22,2008-04-27,12,20500,6,99.264,2,1
E00257,TRAOMVG,21,Female,Single,No,,1992-10-20,1997-03-16,5,0,14,15.415,3,0
E00258,ECQZSUKIBLTFE,24,Male,Married,No,IT Officer - Intern,1981-02-28,2005-10-10,24,25400,19,69.922,2,0
E00259,OVKLYFZWGKD,40,Female,Single,No,IT Officer - Intern,1988-08-09,2007-06-30,19,25400,10,89.291,4,1
E00260,LAPAXP,30,Male,Single,No,IT Officer - Intern,2008-08-14,2011-12-01,3,25400,8,40.807,0,0
E00261,ENURDCMSNT,50,Female,Married,No,Developer Intern,1978-09-12,1983-05-05,5,27600,2,53.2,3,1
E00262,XDWESBOQW,36,Female,Married,Yes,IT App Man,1997-09-05,2010-06-12,13,53000,5,32.94,2,1
E00263,DTKXHN,25,Male,Single,No,IT,2001-09-10,2008-07-14,7,20500,0,8.682,3,1
E00264,OLNZFCZYWCN,20,Female,Single,No,Software Engineering Intern,1999-07-05,2006-06-07,7,26700,8,8.508,2,0
E00265,EZQCXB,26,Female,Single,No,IT,1989-04-25,2008-12-31,19,20500,14,80.236,0,1
E00266,ZYXUOFBAHW,37,Female,Married,Yes,System Admin,1979-03-19,2001-05-21,22,58700,4,34.789,4,1
E00267,MIYPDCDX,43,Female,Married,No,Software Engineering Intern,1974-12-29,1995-09-28,21,26700,14,7.296,3,1
E00268,RYMZPCN,38,Male,Married,Yes,QA Mananger,1993-01-14,1999-10-22,6,82600,20,43.268,2,0
E00269,RKYFFUCEF,43,Female,Single,No,Developer Intern,2010-07-02,2014-10-25,4,27600,9,4.077,4,0
E00270,MRXDVL,43,Male,Married,Yes,IT App Man,1997-01-13,2003-04-06,6,53000,18,12.013,2,0
E00271,BAZJIKBN,44,Female,Married,No,IT,1981-01-16,1998-12-01,17,20500,12,41.686,2,1
E00272,OTSFDSLDBW,34,Female,Married,No,IT Trainee,2003-08-17,2006-12-25,3,20500,10,25.552,4,1
E00273,KDWCRFP,34,Female,Single,No,Developer Intern,2000-09-22,2012-01-16,12,27600,18,28.193,2,1
E00274,YLINMAYM,39,Female,Married,No,Software Engineering Intern,2009-02-21,2011-12-10,2,26700,18,84.662,4,1
E00275,XLEHVAEYOXVWOE,20,Male,Married,No,IT Officer - Intern,2001-10-05,2009-02-13,8,25400,14,83.594,1,1
E00276,FRMVEQ,32,Female,Married,No,IT Officer - Intern,1999-11-26,2014-10-26,15,25400,13,45.698,0,1
E00277,FABTMCDYQC,40,Male,Married,No,IT Trainee,1980-10-08,1987-10-24,7,20500,18,1.115,3,1
E00278,PORMPYYA,26,Female,Single,No,Developer Intern,1979-06-20,1993-03-03,14,27600,13,83.992,3,1
E00279,RDPZFUCXEU,41,Female,Single,Yes,IT App Man,2003-09-11,2007-09-26,4,53000,13,81.951,1,1
E00280,UMYQFB,45,Male,Single,Yes,IT App Man,2006-06-04,2010-12-14,4,53000,17,19.374,3,0
E00281,KKIOYSM,43,Male,Single,No,,1978-01-02,2007-01-02,29,0,1,53.287,1,1
E00282,FARYGJSF,25,Male,Single,Yes,System Analyst,1995-10-10,2000-04-21,5,91250,3,12.235,3,0
E00283,VNKAPUH,50,Female,Married,Yes,IT Project Leader,2001-02-13,2013-01-08,12,78300,17,84.591,5,1
E00284,MZYBXBP,32,Female,Married,No,Software Engineering Intern,2008-06-14,2013-08-17,5,26700,20,6.014,3,1
E00285,ZEFFLUJLNTO,31,Female,Single,Yes,System Analyst,2005-09-30,2008-06-09,3,91250,4,55.251,4,1
E00286,JMJAHMKE,40,Male,Single,No,IT Officer - Intern,1983-05-16,1988-08-17,5,25400,7,39.712,0,0
E00287,XOCBHHX,47,Female,Single,No,IT Trainee,1979-04-08,2013-01-03,34,20500,1,54.2,2,1
E00288,TEWNKQTPH,38,Female,Single,Yes,System Admin,1973-03-07,2001-12-10,28,58700,20,43.868,4,1
E00289,DVGUISI,40,Male,Married,No,IT,1984-07-25,2004-11-30,20,20500,12,78.259,4,1
E00290,ZNJTYIVMYEV,22,Female,Single,No,IT,2010-01-15,2011-07-01,1,20500,11,44.454,0,0
E00291,GQSTILKGV,34,Female,Single,No,,1989-01-02,2006-12-31,17,0,8,92.062,4,1
E00292,BPGMZUNYBXU,37,Female,Single,No,Software Engineering Intern,1974-05-27,2011-04-06,37,26700,15,17.866,3,1
E00293,ENTFND,29,Male,Single,No,IT Trainee,1996-10-03,2000-12-09,4,20500,10,35.303,0,1
E00294,GGETIEQ,34,Female,Single,Yes,,2004-02-03,2013-07-02,9,0,11,97.941,1,1
E00295,VJJSAYIN,32,Male,Single,No,,1998-07-16,2000-11-19,2,0,18,28.324,2,1
E00296,VWXHRH,29,Female,Single,Yes,QA Mananger,2002-12-16,2006-06-20,4,82600,11,68.523,0,1
E00297,CVKGENC,24,Female,Married,No,IT,1972-07-13,1999-11-15,27,20500,9,89.293,1,1
E00298,HHRYXFIQ,22,Female,Married,No,,1976-11-17,2002-10-01,26,0,4,36.386,2,1
E00299,SBGVAR,28,Female,Married,Yes,Tech Lead,2000-09-21,2007-10-08,7,75000,16,57.494,0,1
E00300,HSKGGNOWCN,37,Female,Single,No,Software Engineering Intern,1974-06-28,1976-12-30,2,26700,10,67.326,2,1
E00301,VGUKJXVO,46,Female,Single,Yes,IT Manager,2009-10-25,2014-11-02,5,73500,15,68.214,3,1
E00302,XKANZRMUGHVLB,44,Female,Single,No,,1982-04-12,2009-09-04,27,0,10,3.767,3,1
E00303,HZNYISREQKDA,35,Female,Single,No,IT Trainee,1991-12-02,2007-04-18,16,20500,20,55.884,2,1
E00304,ADQDRCET,50,Female,Single,No,,1979-01-27,1980-10-19,1,0,7,16.425,1,1
E00305,UWUYPWZJNECA,45,Female,Single,No,Software Engineering Intern,1975-12-13,2010-08-14,35,26700,7,28.611,1,1
E00306,KVFACGOQGSSFOQZF,47,Female,Single,No,IT Officer - Intern,1973-12-21,1976-10-11,3,25400,19,21.293,0,1
E00307,CIYOJKYOAHRB,50,Female,Single,No,,1991-01-10,2000-04-21,9,0,8,45.11,4,1
E00308,KYTCKKKBXT,40,Female,Single,No,IT Trainee,1981-01-21,2010-07-14,29,20500,8,5.15,5,0
E00309,CADLZVE,47,Male,Married,No,,1973-05-16,2006-12-09,33,0,15,11.5,5,1
E00310,ENTTQQ,45,Female,Single,No,IT Trainee,1978-02-09,2002-10-21,24,20500,14,13.885,1,1
E00311,OGLWKD,30,Male,Married,Yes,Software Engineer,1976-02-24,1988-06-09,12,88550,18,74.104,5,0
E00312,EOGXPT,42,Female,Single,No,IT Trainee,1985-04-23,1989-10-28,4,20500,8,54.503,5,1
E00313,YJXSRZLTZ,41,Female,Single,No,,1993-06-18,1994-02-07,1,0,9,91.304,5,1
E00314,VNPOYLHWB,50,Male,Married,Yes,System Admin,1981-09-06,1986-01-05,5,58700,9,3.342,3,1
E00315,WQUMKBB,35,Male,Married,No,IT Officer - Intern,1975-06-13,2014-05-28,39,25400,19,54.266,3,1
E00316,QTANYIDZOXMS,40,Male,Married,No,IT Officer - Intern,1996-10-10,2014-11-01,18,25400,17,7.429,0,1
E00317,TDRMKOX,35,Female,Single,No,IT Officer - Intern,1993-04-06,2004-04-27,11,25400,18,93.778,2,1
E00318,YFFENCTZ,50,Male,Single,Yes,Software Architecturer,1982-08-25,2000-11-30,18,80400,1,81.1,0,0
E00319,ZHJBWVKY,27,Female,Married,No,,1985-01-05,1994-09-09,9,0,5,95.087,4,1
E00320,XXFBJKDGPXR,21,Female,Married,Yes,QA Mananger,2006-01-01,2013-01-15,7,82600,5,14.145,4,1
E00321,NMZAXDVTM,46,Female,Single,No,IT Trainee,1975-02-06,1980-11-24,5,20500,0,50.859,5,1
E00322,JAFZOEAGUEV,32,Female,Married,Yes,System Analyst,2000-10-28,2010-05-22,10,91250,19,70.359,4,1
E00323,CIYTCBWLAIU,32,Female,Single,Yes,System Analyst,2008-10-10,2012-11-10,4,91250,10,32.481,2,1
E00324,ZRGFREIIMGJ,40,Female,Married,No,IT Trainee,1991-06-18,1996-12-23,5,20500,2,82.14,0,1
E00325,MJOQEUXAZU,35,Female,Single,No,IT,1984-08-19,1988-06-30,4,20500,1,79.949,5,1
E00326,ZOJBXAM,45,Female,Single,No,IT,2003-12-20,2008-03-30,5,20500,3,80.225,0,1
E00327,DQXZHHHBTIBG,45,Male,Married,Yes,System Admin,1999-07-13,2011-01-13,12,58700,16,49.393,2,0
E00328,WVMKQICAUN,29,Male,Married,Yes,,1990-03-15,2005-10-31,15,0,20,24.748,0,0
E00329,BBEHUNFPS,34,Female,Married,No,Developer Intern,1973-10-16,1998-04-29,25,27600,16,16.564,4,1
E00330,AZARQCIKWUG,30,Female,Single,No,Software Engineering Intern,2008-08-19,2010-12-01,2,26700,10,72.153,3,1
E00331,UNCEARF,29,Male,Single,Yes,System Analyst,1975-03-03,1995-01-24,20,91250,20,17.744,5,0
E00332,SLCZNJSBSK,39,Female,Married,Yes,System Admin,1986-11-16,2011-03-28,25,58700,18,28.29,2,1
E00333,LQRFNJXZJ,36,Male,Single,No,Software Engineering Intern,2000-07-24,2002-06-23,2,26700,0,63.922,4,0
E00334,TIFCSITB,43,Female,Single,Yes,Software Architecturer,1980-08-03,1987-08-11,7,80400,4,64.216,0,1
E00335,YDRDX,41,Female,Married,Yes,IT App Man,1996-12-31,2007-01-17,11,53000,11,24.202,5,1
E00336,GPBKTKEGF,21,Female,Single,Yes,QA Mananger,1992-12-31,1999-08-22,7,82600,2,90.197,3,1
E00337,DDAEK,20,Female,Single,No,IT Trainee,1979-09-06,1989-02-12,10,20500,7,95.803,1,1
E00338,TLCDYJEZ,27,Female,Single,No,,1985-01-25,2007-12-28,22,0,6,38.627,5,1
E00339,XOLYVP,31,Female,Single,Yes,QA Mananger,1995-10-18,1997-07-02,2,82600,0,16.964,2,1
E00340,WWLIADZDHF,29,Male,Single,Yes,IT Manager,2000-01-17,2009-12-01,9,73500,8,15.441,4,0
E00341,ZZJTXN,24,Female,Single,No,Software Engineering Intern,1983-02-03,1993-08-09,10,26700,8,78.484,2,1
E00342,FMOCAOJMPP,48,Female,Married,Yes,QA Mananger,1990-09-14,2013-05-18,23,82600,9,70.512,0,1
E00343,PNTJAU,33,Female,Married,No,IT Trainee,1979-08-13,2004-02-09,25,20500,0,79.778,5,1
E00344,VUGEDZAH,24,Female,Married,No,IT Officer - Intern,1973-11-15,2008-06-10,35,25400,6,57.164,5,1
E00345,FZZZEIOLO,45,Female,Single,No,IT Trainee,2008-04-07,2011-05-01,3,20500,8,17.6,2,1
E00346,LFUKJQX,23,Female,Married,No,IT Officer - Intern,1988-07-05,2013-07-18,25,25400,14,44.626,2,0
E00347,AACKASOFFA,38,Female,Single,No,IT Officer - Intern,1976-06-29,1992-04-20,16,25400,0,22.001,2,1
E00348,AWSNCSDHDL,48,Male,Married,No,IT,1973-01-04,1997-01-26,24,20500,7,27.848,2,0
E00349,GXKVJYESGU,31,Female,Single,No,Developer Intern,1986-09-12,1996-10-30,10,27600,19,40.529,3,1
E00350,RXSLTUM,42,Female,Married,No,IT Officer - Intern,2006-04-16,2013-04-01,7,25400,6,61.18,3,1
E00351,FPKULVGJ,34,Female,Married,Yes,Software Engineer,1999-01-20,2003-12-05,4,88550,10,20.653,1,1
E00352,NLHSOKOHQ,20,Female,Single,No,IT Trainee,1981-06-12,2010-01-20,29,20500,10,11.087,1,0
E00353,OXEYUCPWN,48,Male,Single,No,IT Officer - Intern,2002-04-22,2012-01-18,10,25400,9,99.039,2,0
E00354,EQPIYBPX,40,Female,Married,No,Software Engineering Intern,1998-07-23,2013-06-03,15,26700,1,95.062,3,1
E00355,ZTRSZLPZQV,20,Female,Single,No,Software Engineering Intern,1986-03-28,1989-10-24,3,26700,16,5.871,0,0
E00356,RENSWP,39,Female,Single,Yes,Software Engineer,2002-10-31,2012-02-29,10,88550,2,59.113,4,1
E00357,KISHPGDPVF,49,Female,Single,No,IT Officer - Intern,1976-09-23,2003-12-31,27,25400,13,96.154,1,1
E00358,JLGRKDGK,43,Female,Single,No,Software Engineering Intern,1970-05-05,2005-03-31,35,26700,16,50.447,4,1
E00359,DTBROCGLW,27,Female,Single,No,Developer Intern,2002-09-28,2009-09-30,7,27600,13,42.308,2,1
E00360,CFQBTWT,44,Female,Single,No,IT Officer - Intern,2006-09-06,2009-03-31,3,25400,3,94.681,2,1
E00361,FBKFJKMBY,23,Female,Married,Yes,IT Project Leader,1984-09-24,1998-04-26,14,78300,2,87.643,4,0
E00362,FSTOMOXXYG,44,Male,Married,No,,1976-11-18,1992-06-17,16,0,10,57.76,3,0
E00363,JDDLBLWTJW,30,Male,Single,No,,1991-01-30,1994-01-10,3,0,7,66.049,1,1
E00364,DYRPIWSJWLGR,20,Male,Single,No,Developer Intern,1990-01-30,2007-12-29,17,27600,7,68.136,1,0
E00365,BXYMGPOV,48,Male,Married,Yes,IT Manager,2010-01-24,2011-03-09,1,73500,4,43.308,4,0
E00366,VCRGMNKFBK,31,Female,Single,Yes,Software Engineer,2004-03-25,2014-11-25,10,88550,9,44.62,0,1
E00367,DKVXTZUWB,39,Female,Single,No,Developer Intern,1987-12-23,2006-01-27,19,27600,14,49.908,0,1
E00368,WUUAPMD,24,Female,Single,No,IT Officer - Intern,2005-03-11,2007-04-13,2,25400,15,73.893,0,1
E00369,PDEXNSM,25,Female,Married,No,IT,2002-12-30,2012-12-08,10,20500,2,19.215,5,1
E00370,IIYTPVKYIKFS,31,Female,Married,Yes,Software Engineer,1988-10-30,2008-03-11,20,88550,17,47.702,5,1
E00371,VERXYENDIHSX,49,Female,Married,Yes,System Analyst,1994-02-04,1999-04-21,5,91250,2,76.467,2,1
E00372,SWTPL,43,Female,Single,No,Software Engineering Intern,1976-10-22,1987-11-21,11,26700,19,41.271,3,1
E00373,ICJPZSG,44,Male,Single,Yes,IT Project Leader,1972-03-25,2011-10-09,39,78300,14,55.743,3,0
E00374,MWYRMUCAC,49,Female,Single,No,Developer Intern,1972-08-02,1995-12-21,23,27600,0,99.114,5,1
E00375,OJHJTSSGT,45,Female,Single,No,,1984-02-05,2007-11-28,23,0,13,94.436,2,1
E00376,TIIMSWQN,21,Male,Single,Yes,Software Architecturer,1985-07-07,1992-05-12,7,80400,15,74.519,4,1
E00377,VMFCBQL,24,Male,Single,Yes,IT Project Leader,1971-05-06,1988-07-02,17,78300,12,16.745,1,0
E00378,FZSPGKP,32,Female,Married,No,Software Engineering Intern,2009-09-07,2014-05-27,5,26700,18,10.551,1,1
E00379,KSMNKEUYK,50,Female,Married,Yes,IT App Man,2002-01-16,2004-05-10,2,53000,2,44.255,0,1
E00380,JITHRKEDO,46,Female,Single,Yes,,1999-01-30,2014-04-12,15,0,16,58.392,0,1
E00381,JEGZWEMS,33,Female,Married,Yes,,1996-03-16,2013-09-09,17,0,12,66.54,5,1
E00382,BWONFRMPB,37,Female,Single,No,IT Officer - Intern,2001-11-11,2003-06-01,2,25400,1,9.122,2,0
E00383,AFMWETP,37,Female,Single,Yes,Tech Lead,2006-04-24,2009-02-12,3,75000,5,43.923,5,1
E00384,WFZCICIR,34,Male,Married,Yes,System Analyst,2008-12-08,2014-04-30,6,91250,6,47.287,3,0
E00385,TKMPHUMWLM,44,Female,Married,No,IT,2008-05-12,2013-03-01,5,20500,4,72.13,4,1
E00386,UHNITEKHXBMM,48,Male,Married,No,IT Officer - Intern,1979-07-30,2008-10-26,29,25400,17,97.697,5,1
E00387,XZAKIZJHLYCFU,45,Female,Married,No,IT Trainee,1988-05-23,2000-10-22,12,20500,2,63.574,5,1
E00388,ALFCOADG,45,Female,Single,Yes,Software Engineer,2002-12-16,2013-04-11,11,88550,16,36.364,0,1
E00389,HTEQAOTWDBZCQ,29,Male,Single,No,,1973-05-27,1995-04-23,22,0,16,64.392,4,1
E00390,FJHGDCMN,36,Female,Single,No,Developer Intern,1985-08-08,2000-06-23,15,27600,5,81.038,2,1
E00391,VDSHRJC,46,Male,Married,Yes,,1995-09-13,2012-01-04,17,0,0,12.276,4,0
E00392,WNDTMCSSO,41,Female,Married,No,Software Engineering Intern,2007-03-28,2010-07-30,3,26700,9,71.96,0,1
E00393,WEYBHILC,38,Male,Single,No,IT Officer - Intern,1994-10-27,1996-04-15,2,25400,13,39.891,3,1
E00394,VPKQLTJGCQ,44,Female,Single,Yes,Software Architecturer,1975-01-31,1985-07-04,10,80400,2,20.996,5,1
E00395,JWFJINWBEY,22,Female,Married,No,IT Trainee,2004-10-30,2008-10-10,4,20500,10,37.527,1,1
E00396,AIPQYD,25,Male,Single,Yes,IT App Man,2010-01-06,2011-09-16,1,53000,0,41.743,2,1
E00397,CYSTB,43,Male,Single,No,IT,1984-08-12,1993-05-05,9,20500,14,91.51,2,0
E00398,RGYNCBMJMD,20,Female,Single,No,,1987-05-30,2007-11-03,20,0,1,12.885,2,0
E00399,FWUTWHUPFUAWD,46,Female,Single,Yes,System Analyst,2002-04-15,2008-08-10,6,91250,7,23.09,3,1
E00400,AITIPPZ,44,Male,Single,No,Software Engineering Intern,1982-06-25,1996-07-25,14,26700,9,42.857,5,0
E00401,SWOMSCDUN,50,Female,Single,Yes,Software Architecturer,1998-07-18,2004-11-01,6,80400,2,13.613,1,1
E00402,MWGOWJMIJLIU,36,Female,Single,Yes,Tech Lead,1985-01-13,2005-12-17,20,75000,9,40.221,0,1
E00403,PFTOCVFQ,24,Male,Single,No,,1986-02-15,2008-01-27,22,0,13,80.7,0,1
E00404,EBDWQQDU,41,Female,Single,Yes,System Analyst,2007-01-20,2008-09-07,1,91250,6,58.29,2,1
E00405,GNNFBFPP,20,Male,Single,Yes,IT Project Leader,1981-11-01,1984-07-24,3,78300,13,66.933,1,0
E00406,GYUDRIWAYT,50,Female,Single,Yes,,1984-05-12,2009-03-08,25,0,5,45.019,0,1
E00407,TCAGIU,32,Male,Single,Yes,System Admin,2010-09-26,2015-01-23,5,58700,0,58.974,1,0
E00408,VXQDMBQ,37,Female,Single,No,IT Officer - Intern,1985-01-30,2001-09-22,16,25400,14,79.85,1,1
E00409,OCMFNSS,49,Female,Single,No,IT Trainee,1998-09-13,2011-04-02,13,20500,3,30.493,3,1
E00410,RIKUKRRNRJCVPJ,22,Male,Single,Yes,,2001-11-19,2010-01-04,9,0,19,24.213,5,1
E00411,JCXAQXNWABVZRC,21,Male,Single,No,IT Trainee,1972-03-18,2008-01-18,36,20500,2,56.11,5,1
E00412,JUPGIG,50,Female,Married,No,Developer Intern,1982-11-16,2003-01-29,21,27600,3,21.451,3,1
E00413,PGLCBOLGP,42,Male,Married,Yes,System Analyst,1977-11-20,2007-09-08,30,91250,12,94.232,3,1
E00414,AYLUOUGIQB,48,Female,Married,No,IT Trainee,1971-07-10,2005-03-03,34,20500,9,93.812,3,1
E00415,UVYIKDBV,46,Male,Married,Yes,IT Project Leader,1987-12-09,1994-01-22,7,78300,10,27.683,5,0
E00416,UIXVAD,25,Male,Single,No,Software Engineering Intern,1972-01-30,2013-01-06,41,26700,13,51.381,5,1
E00417,EHWHVM,25,Male,Married,Yes,IT Manager,1998-06-30,2009-01-05,11,73500,1,96.12,2,1
E00418,QCZDPDTXCI,38,Male,Single,No,IT,1970-06-09,2008-10-05,38,20500,15,54.506,1,1
E00419,GGIPXXSE,24,Male,Single,No,IT Trainee,2002-07-06,2008-02-07,6,20500,15,50.006,5,1
E00420,TXQNULPN,42,Female,Single,No,,1996-01-27,2005-05-11,9,0,10,68.474,3,1
E00421,LJLRPU,46,Female,Single,No,IT Trainee,2008-06-10,2014-02-10,6,20500,9,21.16,4,1
E00422,JIDFNWRJ,25,Male,Single,No,Software Engineering Intern,2001-11-08,2002-06-13,1,26700,4,39.219,3,1
E00423,HXMEKASU,23,Female,Married,Yes,System Analyst,2002-11-27,2010-01-23,8,91250,6,26.064,3,0
E00424,TMRAZY,41,Male,Single,No,,1981-01-06,2001-01-06,20,0,14,90.87,1,0
E00425,OKYSHEP,33,Female,Married,No,IT,1983-09-21,2014-04-03,31,20500,4,57.405,1,1
E00426,EFCFPHILCRK,46,Male,Married,No,,2006-10-01,2008-12-30,2,0,9,52.245,0,0
E00427,QSUHOQ,44,Female,Single,No,IT Officer - Intern,1989-03-29,2000-12-30,11,25400,1,53.371,2,1
E00428,VMFZSJXJED,30,Female,Single,Yes,System Analyst,1987-05-17,2005-03-02,18,91250,11,24.188,0,1
E00429,LKNXIYBVBJN,23,Female,Single,Yes,IT Project Leader,1997-10-29,2006-10-15,9,78300,17,59.553,3,0
E00430,MYIUIJKJP,22,Female,Single,No,,1996-06-13,2013-05-13,17,0,3,92.844,0,0
E00431,YZUEEYBPLC,29,Female,Single,No,IT Officer - Intern,1995-08-13,2012-11-13,17,25400,15,19.423,5,1
E00432,MNPFJMLM,22,Female,Single,Yes,Tech Lead,1971-07-02,1981-01-09,10,75000,19,94.663,1,0
E00433,XRIFKQGSRFL,27,Female,Single,No,IT Officer - Intern,1977-04-06,1979-07-30,2,25400,7,26.327,2,1
E00434,LWIVKB,34,Female,Single,No,Software Engineering Intern,1995-04-26,2011-05-09,16,26700,5,54.782,1,1
E00435,PWRDOYP,38,Female,Single,Yes,IT Project Leader,1985-01-20,1994-01-14,9,78300,11,45.522,5,1
E00436,JFWZKS,41,Male,Married,Yes,System Analyst,1993-07-12,2000-01-10,7,91250,17,44.582,4,1
E00437,DFWRDJRZE,31,Male,Married,No,Software Engineering Intern,1980-07-30,1996-01-10,16,26700,19,45.66,1,0
E00438,WJSURFOUMEHIQ,31,Male,Single,No,IT Officer - Intern,2005-08-30,2013-09-03,8,25400,1,88.81,5,1
E00439,UQETHFFUE,50,Female,Married,No,IT Officer - Intern,1990-07-07,1999-03-15,9,25400,13,30.976,3,1
E00440,EOHUWRRHFN,32,Female,Single,Yes,Software Engineer,1991-11-30,2000-05-31,9,88550,20,49.497,2,1
E00441,CQSJIAEUYJUH,47,Male,Single,No,Developer Intern,2006-01-30,2012-07-26,6,27600,11,24.665,4,0
E00442,BUYPQOBUSP,37,Female,Single,No,IT,1995-09-27,2005-01-03,10,20500,8,35.7,2,1
E00443,IFYHEIN,46,Male,Single,No,IT Officer - Intern,1996-08-02,2010-09-25,14,25400,13,77.896,4,0
E00444,TDUYJWC,31,Female,Single,No,,2010-01-15,2012-04-13,2,0,2,8.536,2,0
E00445,BLXAP,30,Male,Married,Yes,System Analyst,1977-04-03,1978-09-22,1,91250,14,37.842,1,0
E00446,OHYYYSYIV,38,Male,Married,Yes,IT App Man,1985-01-17,2011-03-21,26,53000,11,94.775,2,0
E00447,MCYXUASFRRX,44,Female,Single,Yes,IT Manager,1997-10-30,2001-01-13,4,73500,17,50.474,0,1
E00448,KZGNRCC,22,Female,Married,No,,1993-08-30,2009-06-30,16,0,19,20.692,5,1
E00449,AQBKAJID,36,Male,Single,No,IT Trainee,2006-01-23,2013-09-02,7,20500,1,2.762,2,0
E00450,PVIMQALBO,45,Female,Married,Yes,Software Engineer,1996-03-07,1997-05-20,1,88550,5,1.038,5,1
E00451,OBCSHWV,41,Male,Single,No,Developer Intern,1998-04-05,2003-08-11,5,27600,12,75.793,1,0
E00452,XPVBVVF,38,Female,Single,Yes,Tech Lead,1979-06-23,2001-07-11,22,75000,6,41.67,1,1
E00453,KWSIDV,36,Female,Single,No,IT,1989-11-04,2014-06-25,25,20500,13,93.059,0,1
E00454,PUGLLAJQ,42,Male,Married,No,,1997-10-25,2014-02-10,17,0,12,10.46,3,0
E00455,CTHUSEQP,21,Female,Single,Yes,Tech Lead,1976-06-02,2014-04-15,38,75000,17,41.161,5,1
E00456,CDMHSWILOS,25,Male,Single,No,Software Engineering Intern,2009-11-06,2014-03-16,5,26700,10,60.964,1,1
E00457,FEVOUQL,21,Male,Single,Yes,,1986-06-06,1995-01-14,9,0,0,59.136,0,1
E00458,TODGJ,44,Male,Single,No,,2002-10-18,2005-02-28,3,0,3,90.328,5,0
E00459,DLIYNXJBRWN,35,Male,Single,No,Developer Intern,1989-01-17,2013-03-26,24,27600,6,6.632,2,0
E00460,ZYWYLAX,25,Female,Single,Yes,System Analyst,1979-05-28,1997-10-09,18,91250,4,9.897,2,0
E00461,VUUVJQBAJFUYIF,35,Female,Single,No,Software Engineering Intern,2008-03-09,2013-04-27,5,26700,8,17.083,0,1
E00462,ENGJDJAG,30,Male,Single,No,Software Engineering Intern,1971-10-24,1977-04-13,6,26700,18,6.489,1,0
E00463,NAGAALBFWE,46,Female,Single,No,IT Trainee,1997-12-21,2002-05-13,5,20500,16,26.342,4,1
E00464,ELYCINIMWRDE,23,Female,Single,No,IT Trainee,1990-01-20,2011-01-11,21,20500,10,48.185,0,1
E00465,NFGSK,29,Female,Single,No,IT Trainee,1995-05-15,2008-01-12,13,20500,14,44.952,4,1
E00466,CZWIRPLOJ,23,Female,Single,No,Software Engineering Intern,1974-03-20,1992-01-07,18,26700,7,80.9,5,1
E00467,DAAQZOYIH,42,Female,Married,Yes,,2008-11-05,2012-02-10,4,0,17,31.028,3,1
E00468,LTMBSCS,26,Female,Single,No,,1993-10-15,2002-06-25,9,0,7,21.411,1,1
E00469,SMNUVVWYG,45,Female,Single,No,Software Engineering Intern,1984-08-03,2013-10-30,29,26700,13,87.397,4,1
E00470,LMWDQLFKJ,50,Female,Single,Yes,IT App Man,1988-06-24,2001-01-24,13,53000,7,27.962,4,1
E00471,WBXDLOVIS,46,Male,Married,Yes,,1986-01-23,1993-02-15,7,0,19,45.133,0,0
E00472,SWKPTSAHI,50,Female,Married,No,IT,2004-05-25,2010-08-25,6,20500,4,7.456,1,1
E00473,LUSFGWMGB,48,Female,Single,No,Software Engineering Intern,1986-05-08,1995-06-04,9,26700,13,43.32,5,1
E00474,ALTBEFXL,32,Male,Single,No,IT,1999-08-11,2006-05-27,7,20500,0,33.102,5,1
E00475,NEDXODR,48,Female,Single,No,Developer Intern,1988-02-03,1995-06-05,7,27600,13,87.958,2,1
E00476,FZTFRXDC,23,Male,Married,No,IT Trainee,1975-10-09,1980-03-16,5,20500,13,12.749,3,0
E00477,GMHFIMKVQDTF,40,Female,Married,No,IT Officer - Intern,1972-05-05,1985-11-03,13,25400,6,8.136,4,1
E00478,DGSDC,40,Female,Married,No,IT Trainee,1977-01-16,2014-07-18,37,20500,9,47.327,3,1
E00479,PPQGUNYZ,40,Female,Married,No,IT Officer - Intern,1971-09-26,2003-08-19,32,25400,3,58.985,2,1
E00480,NQDYTAA,36,Male,Single,No,IT Officer - Intern,1977-12-16,1998-03-11,21,25400,2,40.777,4,0
E00481,NRMJNV,48,Female,Single,No,Software Engineering Intern,1978-08-09,1991-10-27,13,26700,0,72.234,0,1
E00482,RVPFJMPQ,34,Female,Married,No,IT Trainee,1995-01-17,1996-12-04,1,20500,1,52.039,1,1
E00483,FDUPAE,41,Female,Single,Yes,System Admin,1998-02-08,2006-09-08,8,58700,10,87.193,1,1
E00484,SAMTCBCWT,43,Female,Single,No,Software Engineering Intern,2002-07-14,2003-08-04,1,26700,2,53.777,0,1
E00485,SYKHORSFT,45,Female,Single,No,,2007-01-30,2009-12-28,2,0,9,9.274,5,0
E00486,UVUGXVBCVXY,21,Female,Single,Yes,IT Manager,1998-03-13,2014-11-09,16,73500,18,66.873,3,1
E00487,PNTODEG,37,Female,Single,No,Developer Intern,1993-10-04,1999-11-24,6,27600,10,61.666,1,1
E00488,TVDCAXQ,46,Female,Single,No,Software Engineering Intern,1986-06-30,2006-06-27,20,26700,12,94.285,4,1
E00489,GXHDIG,25,Female,Single,Yes,Tech Lead,2004-03-26,2009-01-01,5,75000,14,20.212,2,1
E00490,HNJIIKQY,42,Female,Single,Yes,Software Engineer,1999-11-16,2013-03-01,14,88550,17,2.5,3,0
E00491,BDJFKULDOQ,30,Male,Single,No,,1971-12-25,2006-11-29,35,0,14,79.205,4,1
E00492,FLGAVNN,32,Female,Single,No,IT Trainee,1970-05-25,2008-08-17,38,20500,14,63.533,0,1
E00493,WBOFTUBCKT,49,Male,Single,No,Software Engineering Intern,1975-02-16,2005-01-16,30,26700,16,82.968,2,1
E00494,MACIVOPPEWZH,27,Female,Married,No,Software Engineering Intern,1980-11-20,2001-10-18,21,26700,0,12.825,5,1
E00495,RKFFDD,30,Male,Single,No,IT Trainee,1970-03-11,1978-01-28,8,20500,10,96.621,2,1
E00496,EXGPDMHK,48,Female,Single,No,IT Officer - Intern,1986-11-04,2002-03-21,16,25400,2,63.582,4,1
E00497,FYVEXIS,20,Male,Single,No,IT Officer - Intern,1979-07-15,2011-01-31,32,25400,9,66.629,1,0
E00498,TDTWVH,30,Female,Married,No,IT,1978-09-17,2005-09-03,27,20500,2,8.388,2,1
E00499,BBLBSDHEOFAJQNS,41,Female,Single,No,IT Trainee,1973-02-04,1984-04-06,11,20500,15,85.925,5,1
E00500,UGDUTLJRRON,42,Female,Single,No,Software Engineering Intern,2000-04-30,2010-01-03,10,26700,8,68.332,2,1
E00501,XPHKAFVTIRCV,23,Female,Single,No,Software Engineering Intern,1981-09-06,2006-07-25,25,26700,12,29.269,2,1
E00502,PNQCDUQU,22,Female,Single,No,,1986-02-17,2012-01-29,26,0,1,17.641,3,0
E00503,VIJSMQ,27,Female,Married,No,,1973-02-08,1975-05-21,2,0,13,8.682,2,1
E00504,RPWYUNYIRP,28,Female,Married,No,,2010-11-01,2013-11-16,3,0,20,39.832,3,1
E00505,NPVKESQXL,37,Male,Single,No,Software Engineering Intern,2004-09-17,2005-06-19,1,26700,3,56.919,4,0
E00506,XFOVDBDNWOF,34,Female,Married,No,Software Engineering Intern,2008-06-09,2010-09-11,2,26700,20,46.468,3,1
E00507,VXTGNG,42,Female,Married,No,IT,2006-04-18,2013-07-14,7,20500,20,55.824,4,1
E00508,WOMJREQUT,39,Male,Single,No,Developer Intern,1977-01-10,2010-04-18,33,27600,2,4.456,1,0
E00509,HERWUCSLI,25,Female,Married,Yes,System Admin,2002-04-11,2007-05-17,5,58700,11,8.725,0,0
E00510,SSTUHXB,49,Male,Single,Yes,Software Architecturer,1973-08-04,1979-03-28,6,80400,2,12.497,3,0
E00511,LBQDNLGSI,36,Female,Married,No,Software Engineering Intern,1989-09-13,1997-01-07,8,26700,15,19.999,5,1
E00512,RALGJA,35,Female,Married,Yes,IT App Man,1971-09-15,2011-01-14,40,53000,1,91.489,0,1
E00513,KWCNYFYYAK,47,Female,Single,No,IT Trainee,2005-10-01,2009-11-03,4,20500,17,17.397,0,1
E00514,WCLMRJ,29,Male,Single,No,IT Officer - Intern,1998-11-02,2000-01-15,2,25400,1,15.354,1,0
E00515,GEKWAQOH,26,Female,Single,Yes,Tech Lead,1990-09-22,1998-06-10,8,75000,9,6.323,0,1
E00516,ZTHUOKSQQM,24,Female,Single,No,IT Officer - Intern,2008-01-08,2014-01-23,6,25400,11,13.762,4,1
E00517,ZOCCFACYT,31,Female,Married,Yes,IT App Man,1979-01-21,1995-07-14,16,53000,8,46.917,5,1
E00518,OWOQWKYSEX,25,Female,Single,No,IT Trainee,1986-01-31,2006-10-04,20,20500,17,58.675,0,1
E00519,YQIZKJSLHF,24,Female,Single,No,IT,2005-07-18,2008-06-14,3,20500,4,90.891,5,1
E00520,FVJPCU,35,Female,Single,No,Software Engineering Intern,1993-11-21,1997-03-25,4,26700,8,91.104,1,1
E00521,HAQJACFTFCUF,50,Female,Single,No,,1974-07-18,1996-01-04,22,0,7,67.656,2,1
E00522,EGEEXAZEK,50,Female,Single,No,Developer Intern,2010-12-10,2013-04-14,3,27600,9,53.576,2,1
E00523,DUFCMEMSKGHD,35,Male,Single,No,IT,1977-10-21,1982-04-11,5,20500,20,38.526,4,1
E00524,SVCXY,21,Female,Married,No,,2008-01-06,2011-09-12,3,0,14,39.94,4,0
E00525,IWVCONSKP,27,Female,Single,Yes,Software Engineer,1985-09-06,1987-12-25,2,88550,17,98.913,4,1
E00526,VMQYSCBLT,26,Male,Single,No,IT,1994-06-18,2009-03-07,15,20500,0,39.492,4,1
E00527,QJJNVDZ,30,Female,Single,Yes,IT Project Leader,1992-10-26,2000-08-22,8,78300,1,7.716,3,0
E00528,ICALN,42,Male,Married,No,Developer Intern,1978-04-13,1990-05-29,12,27600,1,29.599,3,0
E00529,ENITRPNTZNK,41,Female,Married,No,Software Engineering Intern,1981-02-14,1997-08-24,16,26700,0,21.703,4,1
E00530,SZLADEVTUEY,40,Female,Single,No,,1982-08-25,2005-02-28,23,0,5,70.531,0,1
E00531,QXGRFO,21,Female,Married,No,Developer Intern,2003-07-11,2010-02-06,7,27600,9,97.555,4,0
E00532,NOWKSOVLKZ,34,Female,Single,No,IT Trainee,1991-08-21,1994-06-22,3,20500,6,96.835,1,1
E00533,CUNGGX,43,Female,Married,No,IT Officer - Intern,2009-07-25,2011-03-24,2,25400,14,21.628,2,1
E00534,AKPIO,30,Female,Single,No,IT Trainee,1982-08-26,2007-02-08,25,20500,15,47.571,5,1
E00535,QWLFOPFVN,33,Male,Single,No,Software Engineering Intern,2005-03-21,2006-09-04,1,26700,7,54.249,4,0
E00536,WRZNLSGNGV,40,Female,Single,No,Software Engineering Intern,1977-06-02,2009-12-17,32,26700,19,49.411,2,1
E00537,TPPADFXDBDSL,35,Female,Married,Yes,IT Project Leader,2005-05-18,2007-02-14,2,78300,1,29.061,0,1
E00538,VVJUHUBCZRKX,38,Male,Single,Yes,,1972-12-27,2005-09-08,33,0,11,67.22,4,0
E00539,FAEGVBAWIEJ,48,Female,Single,No,IT Trainee,1989-10-29,2005-02-04,16,20500,13,40.824,1,1
E00540,MAHLRAMYEI,46,Female,Single,No,,1991-05-21,1998-02-11,7,0,12,74.837,2,1
E00541,MXDWNLFME,25,Male,Single,No,Software Engineering Intern,1986-11-18,2006-06-28,20,26700,17,6.545,3,0
E00542,JIUZEJLYZ,22,Female,Single,No,,1995-02-15,1999-04-01,4,0,0,14.886,5,0
E00543,OFVPAVRW,39,Male,Married,Yes,Software Engineer,1984-01-14,1991-06-18,7,88550,10,86.562,2,1
E00544,JABILSS,24,Female,Single,No,IT Trainee,1992-07-19,1993-04-28,1,20500,20,14.136,4,1
E00545,BVZBIVKQBPBYZE,31,Male,Married,No,Software Engineering Intern,1976-08-04,1980-11-25,4,26700,5,10.244,1,1
E00546,LCZHVHACF,23,Female,Single,Yes,IT Manager,1982-10-18,1996-03-14,14,73500,11,2.552,5,0
E00547,WXXWVRQ,48,Female,Married,Yes,Tech Lead,1994-11-13,1998-07-30,4,75000,2,23.251,2,1
E00548,HYEMCMD,38,Female,Married,No,IT Officer - Intern,1975-10-18,1994-03-29,19,25400,19,56.322,1,1
E00549,EDKXHMGLW,24,Male,Single,No,Developer Intern,1975-09-06,2003-04-02,28,27600,16,40.793,5,0
E00550,AIPZCTZO,23,Female,Single,No,IT,1984-01-19,1989-09-28,5,20500,2,97.127,5,0
E00551,BYOGBBDTKR,20,Female,Single,No,Developer Intern,1994-10-07,1999-01-24,5,27600,16,61.162,3,0
E00552,APBVRGO,23,Male,Married,Yes,IT App Man,1995-03-29,2003-04-13,8,53000,3,71.411,2,0
E00553,BPNTBQV,24,Female,Single,No,IT Trainee,2006-11-08,2012-10-02,6,20500,12,29.26,1,1
E00554,OZHLLLXH,45,Male,Single,No,Developer Intern,1997-06-09,2008-03-07,11,27600,5,28.795,2,0
E00555,YLJVWUJHJ,34,Female,Single,No,IT,1998-10-16,2011-07-07,13,20500,12,92.962,4,1
E00556,FMCXNC,37,Female,Married,No,,1979-06-18,1996-08-28,17,0,20,7.699,4,1
E00557,LRMSOWIW,20,Male,Married,No,IT Trainee,2008-11-16,2013-03-24,5,20500,15,53.722,4,1
E00558,JAJVLBKN,39,Female,Single,No,Developer Intern,1977-10-03,2000-12-05,23,27600,8,2.802,1,1
E00559,QWGVOTPYFEQOL,41,Female,Single,No,Software Engineering Intern,1987-01-23,1994-02-11,7,26700,12,58.713,3,1
E00560,NSMDYYL,20,Male,Single,No,IT,1985-08-21,2008-06-29,23,20500,13,28.001,4,1
E00561,QUMIJLHQ,33,Female,Married,No,,1999-04-07,2000-11-21,1,0,7,41.883,3,1
E00562,LKPCVTHS,24,Male,Married,Yes,Software Architecturer,1977-05-23,1994-08-08,17,80400,13,19.491,0,0
E00563,OAFJFPPLC,27,Female,Married,No,IT Officer - Intern,1989-12-31,2006-06-07,17,25400,11,10.788,3,1
E00564,ZOXXYUJ,48,Female,Single,Yes,IT Project Leader,1995-09-13,2014-10-05,19,78300,17,21.331,2,1
E00565,GKPNKUWVA,33,Female,Single,No,Developer Intern,1985-01-13,1995-05-14,10,27600,17,43.164,4,1
E00566,OEMLRF,36,Male,Single,No,IT,1985-01-29,1999-01-17,14,20500,18,34.146,2,0
E00567,RVALAHL,37,Male,Married,No,IT Officer - Intern,1993-06-29,2002-07-02,9,25400,0,66.035,0,1
E00568,FSMSAK,33,Female,Married,Yes,Software Architecturer,1981-07-13,1986-05-12,5,80400,17,37.92,3,1
E00569,UBFMEEC,48,Female,Married,No,IT,1975-01-20,1983-01-29,8,20500,12,62.925,0,1
E00570,OIAHZQ,49,Female,Married,Yes,Software Engineer,1999-05-11,2013-08-29,14,88550,4,93.576,5,1
E00571,NQYXYRBJF,40,Male,Single,No,IT Officer - Intern,1981-05-05,2000-03-19,19,25400,13,21.186,2,0
E00572,UPSIJTOOAAG,26,Male,Single,No,IT,1998-08-18,2012-12-20,14,20500,1,30.495,5,1
E00573,WOPPUCBG,39,Female,Single,Yes,QA Mananger,2004-01-28,2011-06-21,7,82600,11,21.295,4,1
E00574,NHJUZVL,48,Female,Married,Yes,,2006-04-27,2007-02-20,1,0,16,47.81,2,1
E00575,QIKMMLPJQ,28,Female,Married,No,IT,1981-12-29,2012-06-21,31,20500,10,44.9,4,1
E00576,FJQTTB,22,Female,Single,No,IT,1979-06-16,1997-09-03,18,20500,16,27.858,0,0
E00577,PFMOWFERPU,23,Male,Single,Yes,Software Architecturer,1975-01-09,1982-08-10,7,80400,2,73.023,4,1
E00578,NZKZQJXS,47,Female,Married,No,Developer Intern,1977-08-22,1987-03-30,10,27600,6,30.372,4,1
E00579,XLPYBEX,33,Female,Single,No,Developer Intern,1978-07-16,2011-05-06,33,27600,20,79.107,5,1
E00580,QVMYHH,44,Male,Married,No,IT Officer - Intern,1999-02-01,2012-01-03,13,25400,5,45.983,2,0
E00581,REXKSLA,28,Male,Single,No,Developer Intern,2004-08-21,2011-11-07,7,27600,16,30.343,0,0
E00582,MVKOEDAUQ,49,Female,Married,No,IT,2010-02-17,2011-11-10,1,20500,4,99.006,1,1
E00583,DFBBZM,41,Female,Single,No,IT,1990-09-25,2011-06-13,21,20500,16,56.629,0,1
E00584,QJSOOENAS,30,Female,Single,Yes,System Admin,1980-02-10,2009-01-28,29,58700,12,52.01,3,1
E00585,QHRCMPOOEBCM,22,Female,Single,No,Software Engineering Intern,1978-01-29,1994-01-08,16,26700,4,40.369,2,1
E00586,NYSZHX,35,Female,Married,No,Developer Intern,1989-05-12,1991-05-22,2,27600,0,93.909,0,1
E00587,DQGEHTSJO,33,Male,Married,No,IT Officer - Intern,1978-02-20,1997-09-17,19,25400,8,79.475,3,0
E00588,ITXQQKZYBLAKJU,30,Female,Married,Yes,System Admin,1996-06-30,2002-03-17,6,58700,14,93.586,1,1
E00589,TWSAXWZTUYR,49,Female,Married,Yes,Software Engineer,1975-02-18,2004-07-25,29,88550,13,34.58,5,1
E00590,QYXYHVZ,31,Male,Single,Yes,Tech Lead,1989-09-03,2011-01-01,22,75000,0,81.13,0,0
E00591,ISVRANFH,44,Male,Married,Yes,QA Mananger,1984-02-25,1992-07-16,8,82600,12,24.975,3,0
E00592,XPFAGWXFAE,49,Female,Married,Yes,System Analyst,1999-11-28,2004-05-22,5,91250,2,37.204,5,1
E00593,RVHZVNFLSCE,20,Male,Single,Yes,Software Engineer,1991-01-08,2003-05-06,12,88550,4,15.406,0,0
E00594,OHKLHDC,37,Female,Single,Yes,IT App Man,1996-09-10,2012-02-09,16,53000,13,17.913,0,1
E00595,FCXGA,22,Female,Single,Yes,System Admin,2007-03-29,2008-09-24,1,58700,2,13.923,0,1
E00596,SMSYIMAL,38,Female,Single,No,IT,1996-09-16,1999-10-11,3,20500,11,95.18,0,1
E00597,DWPQGGVRBJMCL,44,Male,Single,No,Developer Intern,2006-05-25,2010-12-04,4,27600,6,14.39,3,0
E00598,PYDGK,27,Female,Single,No,IT Trainee,1985-06-25,2011-12-30,26,20500,16,66.253,0,1
E00599,DSURPN,48,Male,Single,Yes,QA Mananger,1996-07-05,2006-12-25,10,82600,2,4.832,2,0
E00600,PJCGKAGKJSEUA,29,Male,Married,Yes,IT App Man,1981-10-29,1984-04-14,3,53000,18,27.191,1,1
E00601,RTYNYJZG,48,Female,Single,Yes,IT Manager,2006-05-15,2007-04-04,1,73500,15,35.772,0,1
E00602,QVPKKGBXOKO,48,Female,Single,No,Developer Intern,1971-05-11,1976-10-27,5,27600,1,79.598,0,1
E00603,OVSFDUAU,24,Female,Single,No,IT,1970-02-21,1989-01-14,19,20500,2,25.503,3,1
E00604,OZTMFFY,44,Female,Single,No,IT,1997-11-28,2004-08-05,7,20500,19,11.148,1,1
E00605,JKAQARQYRW,41,Female,Married,No,IT Officer - Intern,1996-06-14,1999-10-30,3,25400,4,51.282,1,1
E00606,SCGWAYAXDYK,39,Male,Single,No,,1985-09-26,2012-07-29,27,0,16,10.462,0,0
E00607,GQZZD,30,Female,Single,Yes,Tech Lead,1984-06-09,2004-11-24,20,75000,20,50.424,0,1
E00608,ALDLXC,21,Male,Single,No,Developer Intern,1992-01-30,2003-07-06,11,27600,6,73.622,3,0
E00609,IIQRXVA,43,Female,Single,Yes,Software Engineer,2001-11-17,2013-01-06,12,88550,11,79.375,2,1
E00610,MCLASCG,48,Female,Married,No,Developer Intern,1989-09-15,1998-01-07,9,27600,18,86.898,2,1
E00611,WWDRBMKEUNF,27,Female,Single,Yes,QA Mananger,1972-01-14,1985-08-10,13,82600,13,63.507,3,1
E00612,WINJMLP,26,Female,Married,No,IT Officer - Intern,1987-12-03,1998-01-28,11,25400,6,98.352,3,1
E00613,UYFGESJ,49,Male,Single,Yes,System Admin,1991-08-05,2011-10-24,20,58700,12,89.012,2,0
E00614,OWYYJACTSC,27,Male,Married,No,Software Engineering Intern,2005-07-18,2012-08-28,7,26700,3,91.504,4,1
E00615,QCJCWCXTZNT,28,Female,Married,Yes,,1990-09-17,2010-05-20,20,0,11,39.898,2,1
E00616,PIKEXZAN,36,Male,Single,No,IT,2004-08-25,2012-04-01,8,20500,12,82.203,2,1
E00617,KONKTJEEHCE,33,Male,Single,No,,1988-10-30,1996-08-10,8,0,17,91.351,2,1
E00618,WRTOJHU,41,Male,Single,No,IT Officer - Intern,1997-04-26,2006-03-27,9,25400,15,51.613,5,1
E00619,MFZAH,42,Female,Married,No,IT,1995-03-26,2005-08-15,10,20500,20,80.139,3,1
E00620,YXYXPUJHN,42,Female,Single,No,IT,1991-01-04,2001-06-25,10,20500,7,28.814,1,1
E00621,PDTEIAB,34,Male,Single,No,Developer Intern,1993-11-01,1999-02-03,6,27600,15,46.559,5,0
E00622,QMSWOBP,30,Female,Single,No,IT Officer - Intern,1994-01-13,2000-07-08,6,25400,13,7.741,0,0
E00623,EULNENILQBVZ,48,Male,Single,No,Software Engineering Intern,1998-07-19,2003-09-13,5,26700,20,68.49,0,0
E00624,YQPSAPX,44,Female,Married,No,IT Trainee,2002-07-07,2004-11-28,2,20500,13,12.391,3,1
E00625,SUFHJFLZG,27,Female,Married,No,IT Officer - Intern,1996-04-14,2006-12-14,10,25400,3,22.088,1,1
E00626,WGUTDGJATMWPWY,25,Male,Married,Yes,System Analyst,2006-06-23,2014-03-01,8,91250,18,59.229,3,0
E00627,DDKDSL,42,Female,Married,No,IT,2007-12-30,2014-06-18,7,20500,13,82.311,3,1
E00628,TWVNNRMAID,27,Female,Single,No,IT Trainee,1983-08-27,2012-03-04,29,20500,5,3.385,4,0
E00629,EIUHGTAWEX,41,Female,Married,Yes,System Analyst,1975-04-11,2013-01-13,38,91250,20,17.169,2,1
E00630,AHCVPMBKR,39,Male,Single,No,Software Engineering Intern,1995-10-04,2006-12-31,11,26700,6,75.106,4,0
E00631,CTBQVWFNX,50,Male,Married,No,Developer Intern,1972-08-31,1987-01-28,15,27600,9,69.379,5,0
E00632,HJKGKCVMZ,45,Male,Single,Yes,IT Project Leader,2003-12-16,2009-02-19,6,78300,11,38.607,4,1
E00633,LCQNJP,29,Female,Married,Yes,,2007-11-15,2011-09-02,4,0,3,31.879,1,1
E00634,ZCRQCORWBRRM,23,Female,Single,No,,2010-07-28,2013-09-18,3,0,4,69.015,2,0
E00635,GQDQJHZ,29,Female,Single,Yes,,2005-05-29,2006-01-17,1,0,5,81.274,1,1
E00636,WMHPUBRW,25,Female,Married,No,IT Trainee,1995-03-20,2011-08-05,16,20500,2,22.982,1,1
E00637,YDUBZO,20,Female,Married,Yes,System Analyst,2000-09-13,2008-07-14,8,91250,13,47.966,1,1
E00638,LEGXMIJREG,35,Female,Single,Yes,System Admin,1986-03-17,1987-03-20,1,58700,5,75.138,5,1
E00639,UFJZV,42,Female,Married,No,Developer Intern,1973-02-01,1989-07-24,16,27600,1,54.188,4,1
E00640,XWKGPOGLP,47,Female,Married,No,Developer Intern,1999-01-14,2008-04-10,9,27600,4,13.432,5,1
E00641,HIIRHFP,44,Male,Married,No,Software Engineering Intern,1996-01-02,2013-09-30,17,26700,3,86.27,2,0
E00642,ZZLZPLQGK,34,Female,Married,Yes,Tech Lead,1997-09-27,2008-04-04,11,75000,16,82.334,2,1
E00643,JHOWNJ,40,Female,Single,Yes,System Analyst,1974-10-17,2004-07-14,30,91250,7,81.363,2,1
E00644,OHLCMRTX,33,Male,Married,No,IT,1982-02-15,1999-04-11,17,20500,18,72.421,4,1
E00645,KLBNH,43,Female,Married,No,Software Engineering Intern,1997-06-23,2002-04-16,5,26700,19,55.562,4,1
E00646,AXZXLOCW,29,Female,Single,No,,1970-02-22,1988-06-03,18,0,14,37.644,3,1
E00647,DFPPRCNUTC,24,Female,Married,No,Developer Intern,1986-01-17,2009-06-08,23,27600,16,75.748,4,1
E00648,JCZXN,46,Female,Married,No,Software Engineering Intern,1994-08-11,2013-11-30,19,26700,16,65.658,1,1
E00649,EKKXNLLKY,35,Female,Single,No,IT,1996-11-08,2000-09-19,4,20500,0,90.103,5,1
E00650,IDZWIFR,44,Male,Married,No,Software Engineering Intern,1989-05-04,1995-06-04,6,26700,2,60.715,0,0
E00651,ONLUZMLF,21,Male,Single,No,IT Officer - Intern,1973-06-30,2005-06-13,32,25400,12,25.391,0,1
E00652,WJCGVQDFF,25,Female,Single,No,Software Engineering Intern,2006-09-15,2008-12-15,2,26700,7,12.88,2,1
E00653,OHDBFDC,45,Female,Single,No,,1985-12-02,2004-03-30,19,0,1,40.375,3,1
E00654,CPIOWVQFN,43,Male,Single,No,Software Engineering Intern,1983-09-26,1987-04-24,4,26700,7,9.919,5,0
E00655,WOJLIIA,40,Male,Single,Yes,IT Project Leader,1996-06-28,2003-11-23,7,78300,11,5.867,3,1
E00656,LTPOLXJOSW,27,Male,Married,No,IT Officer - Intern,1983-02-03,2008-08-17,25,25400,11,34.736,3,0
E00657,VKBWPWVV,21,Male,Single,Yes,System Analyst,1981-11-30,1998-12-21,17,91250,18,68.288,4,0
E00658,IEFZCIFJRASSMY,38,Female,Single,No,IT Officer - Intern,1978-09-18,1979-03-14,1,25400,5,92.408,4,1
E00659,PBCMUDFYBLP,43,Female,Single,No,Developer Intern,1981-12-31,2002-11-30,21,27600,4,21.885,4,1
E00660,KUXCZRLYFOA,22,Female,Married,No,Software Engineering Intern,1995-01-07,1996-02-24,1,26700,2,37.063,2,1
E00661,ATBBEKE,22,Female,Married,No,Software Engineering Intern,2004-05-28,2011-09-04,7,26700,6,49.286,3,0
E00662,TDQBQGYJ,32,Female,Married,No,Developer Intern,2004-01-04,2012-08-20,8,27600,19,76.517,2,1
E00663,KWHBTENSZT,50,Female,Married,No,Software Engineering Intern,2010-08-13,2012-04-29,2,26700,1,69.79,0,1
E00664,UYUFUDXDJGN,44,Female,Single,No,IT Trainee,1974-12-02,1982-11-13,8,20500,3,48.96,0,1
E00665,ELGPTCQ,23,Female,Single,No,IT,1987-06-09,2005-12-15,18,20500,12,85.129,4,0
E00666,MJELWX,35,Female,Single,No,IT Officer - Intern,1984-03-30,2010-01-22,26,25400,19,19.894,0,1
E00667,AFXMKQR,24,Female,Single,Yes,IT Manager,1992-10-21,1999-02-15,7,73500,3,18.22,1,1
E00668,UEYBFKYXG,43,Female,Single,No,IT Officer - Intern,1984-09-19,2006-03-02,22,25400,4,78.474,1,1
E00669,VZSNLHOHG,29,Male,Single,No,,1986-07-01,1997-01-21,11,0,13,94.581,4,1
E00670,KTDMDTSFV,50,Male,Single,Yes,Software Engineer,1985-03-16,1999-04-24,14,88550,7,13.149,4,1
E00671,OGKSASRP,48,Female,Single,No,IT Trainee,1971-04-12,1996-07-07,25,20500,6,10.578,2,1
E00672,YBRSTZQCRBFKTQ,49,Female,Married,No,IT Trainee,2001-03-21,2002-06-25,1,20500,0,82.643,2,1
E00673,VPDXBBY,49,Male,Married,No,,2009-12-20,2011-10-04,2,0,18,62.305,5,0
E00674,ZIVFCB,36,Female,Married,Yes,System Admin,2006-01-26,2012-07-23,6,58700,20,1.202,5,1
E00675,IJWIHCL,45,Female,Married,Yes,Software Engineer,1979-07-13,1984-12-16,5,88550,6,60.706,2,1
E00676,UEYFTVNXJ,30,Male,Married,No,Developer Intern,1999-10-09,2013-10-20,14,27600,0,81.04,1,0
E00677,YROQRKQP,49,Female,Single,Yes,System Analyst,1977-10-12,1991-01-26,14,91250,3,26.845,1,1
E00678,WKCDNKFVHRYPSCP,50,Female,Single,No,,2006-02-03,2013-09-10,7,0,4,14.023,1,1
E00679,FFPLOZARPAT,26,Female,Single,No,IT,1977-04-22,1997-08-30,20,20500,4,15.523,0,1
E00680,CBOGTSXDF,46,Female,Married,No,IT Officer - Intern,1975-01-16,1980-01-29,5,25400,16,87.222,2,1
E00681,JRKYMJ,32,Female,Married,No,IT,1973-02-08,2012-01-27,39,20500,5,57.991,1,1
E00682,MIIXYJQW,27,Female,Married,Yes,Software Engineer,1972-06-26,1974-08-25,2,88550,3,22.096,3,1
E00683,XQWMOXWDX,30,Female,Single,No,Developer Intern,1974-01-04,1983-08-21,9,27600,9,67.454,5,1
E00684,EUNREYNHXSPE,47,Female,Single,No,Developer Intern,1985-09-07,2010-06-11,25,27600,16,84.592,1,1
E00685,SWEZGK,36,Female,Single,Yes,QA Mananger,1972-11-30,1980-05-20,8,82600,6,72.679,2,1
E00686,DPKUSE,40,Female,Single,No,IT,1981-11-25,2013-03-11,32,20500,11,7.994,2,1
E00687,HBFYECGEL,42,Female,Single,No,IT Officer - Intern,1991-02-21,2010-08-21,19,25400,13,67.645,2,1
E00688,CUIBXIGTD,37,Female,Single,No,Developer Intern,1996-02-16,2014-07-22,18,27600,2,23.575,4,1
E00689,CSHAAVIE,46,Male,Single,Yes,,2009-01-19,2012-05-19,3,0,18,6.737,2,0
E00690,INMOWVSR,45,Female,Single,No,Developer Intern,1999-01-21,2010-02-23,11,27600,0,61.989,2,1
E00691,WOKTICLH,24,Male,Married,No,IT Officer - Intern,1983-05-04,2012-09-18,29,25400,19,92.059,1,0
E00692,IBSZG,36,Female,Single,Yes,Software Architecturer,2001-04-05,2008-12-31,7,80400,17,43.823,1,1
E00693,KOXUZGFCVEI,20,Female,Married,No,IT,2003-03-19,2007-04-12,4,20500,18,30.911,1,0
E00694,ARCKBFKEZOG,28,Male,Single,No,IT Officer - Intern,1993-01-17,1994-11-25,1,25400,12,34.347,2,1
E00695,VBAYECAJUK,23,Male,Single,Yes,,1976-01-23,1995-05-21,19,0,10,1.432,4,1
E00696,UFRTT,45,Female,Single,No,IT Officer - Intern,1980-10-09,1998-10-23,18,25400,11,17.309,0,1
E00697,WBNDDHBA,47,Male,Married,No,IT,1975-12-12,1986-05-26,11,20500,6,3.268,0,0
E00698,VAWEJVWAK,50,Male,Single,Yes,System Admin,1974-01-13,2009-02-20,35,58700,4,91.435,5,0
E00699,EDRMYRWZAX,24,Male,Single,No,Software Engineering Intern,1985-08-13,2006-07-20,21,26700,7,81.029,2,1
E00700,OPLBIHVWL,40,Female,Married,Yes,Software Engineer,1977-02-01,2012-07-07,35,88550,14,31.847,3,1
E00701,NSJHGRQMMBT,24,Female,Single,No,,1977-04-29,2011-12-20,34,0,1,78.406,2,1
E00702,QAHECA,46,Female,Single,Yes,IT App Man,1977-02-15,2010-04-08,33,53000,11,82.54,5,1
E00703,LWEECLJUX,42,Female,Single,No,IT Trainee,1994-04-15,1995-09-19,1,20500,0,24.986,1,1
E00704,OZSEANJMDINNGU,43,Female,Married,No,Developer Intern,1984-02-12,2011-09-17,27,27600,6,32.668,5,1
E00705,XJKATCCZKNJ,47,Female,Single,Yes,QA Mananger,1976-11-06,2002-11-30,26,82600,4,41.514,3,1
E00706,TBYHNYYSQYYE,44,Female,Married,No,IT,1983-02-08,1993-10-19,10,20500,9,16.337,3,1
E00707,VTUDOJBKZI,26,Female,Married,No,IT,2003-03-05,2008-01-07,5,20500,16,71.597,3,1
E00708,UHZVHVA,45,Female,Single,No,Software Engineering Intern,2010-12-10,2012-08-21,2,26700,7,29.774,0,1
E00709,YLZWHZWKKYUB,27,Male,Married,Yes,QA Mananger,1970-01-19,1993-08-09,23,82600,5,29.766,5,0
E00710,AJNNFRZGTKX,30,Male,Single,Yes,System Analyst,2010-09-21,2012-01-12,2,91250,10,12.593,3,1
E00711,XNQUZDWXXLH,30,Female,Single,No,IT Trainee,1978-01-11,2014-09-22,36,20500,16,98.673,5,1
E00712,JNTGG,44,Male,Married,No,Software Engineering Intern,1982-09-02,2008-01-09,26,26700,6,76.125,3,0
E00713,SLYOCOH,45,Female,Married,Yes,Tech Lead,1988-09-19,1997-12-31,9,75000,14,41.002,2,1
E00714,QCYRVAJJEPIU,32,Female,Single,No,,1986-06-25,1994-05-01,8,0,4,71.758,1,1
E00715,AXWOILSUZNOJGXY,20,Male,Single,No,IT,1988-06-17,1998-01-19,10,20500,2,90.66,5,1
E00716,PKLYEV,45,Female,Married,No,,1985-05-21,2011-01-29,26,0,16,29.491,3,1
E00717,PGBNVSHF,23,Male,Single,Yes,IT Project Leader,1999-06-29,2003-01-31,4,78300,10,12.234,4,0
E00718,HJSOTXZS,30,Female,Single,Yes,System Analyst,1979-08-05,2002-11-12,23,91250,7,37.57,1,1
E00719,ZZKQAYHXH,46,Male,Married,Yes,,1976-05-11,2012-02-06,36,0,16,19.366,3,0
E00720,EVUIZWIENUW,22,Male,Single,Yes,Tech Lead,1987-02-04,1997-01-05,10,75000,2,66.254,1,0
E00721,FXUUAGCTYZDP,49,Female,Single,No,IT Officer - Intern,1987-08-28,2009-03-04,22,25400,4,19.643,5,1
E00722,AYJRI,45,Female,Single,No,,1975-09-25,1991-02-09,16,0,1,8.703,0,1
E00723,TVFXUSLRA,33,Female,Married,Yes,IT Project Leader,1979-08-02,1999-11-12,20,78300,13,80.136,3,1
E00724,FUTUAJRZK,27,Female,Single,No,,1981-08-09,2000-06-30,19,0,11,32.534,5,1
E00725,KLXBDET,50,Female,Single,No,IT Officer - Intern,1977-03-09,2000-01-05,23,25400,4,24.334,1,1
E00726,HGPRFST,42,Female,Married,No,IT Trainee,1991-03-01,2008-12-31,17,20500,7,17.502,4,1
E00727,IDVKILM,44,Female,Single,No,IT Trainee,1971-11-05,2008-01-22,37,20500,11,67.606,0,1
E00728,GNETQKNEDPYG,34,Female,Married,Yes,System Analyst,1976-09-02,1986-11-18,10,91250,7,94.091,1,1
E00729,EFCJQIQDAUOZAE,33,Female,Married,No,Software Engineering Intern,1999-05-27,2014-08-06,15,26700,16,84.3,0,1
E00730,JZKDYVJ,28,Female,Married,No,IT,1975-06-23,1982-05-26,7,20500,20,97.843,5,1
E00731,YBHIGAX,33,Female,Married,No,Software Engineering Intern,1974-02-09,2008-12-19,34,26700,10,13.973,5,1
E00732,PMDZYCBQTXLOE,31,Female,Single,No,Developer Intern,1987-04-15,2007-12-22,20,27600,4,96.267,1,1
E00733,EOSFUWEJ,42,Female,Single,Yes,System Admin,1972-06-01,1990-10-26,18,58700,9,8.457,4,0
E00734,CFRQLCLPN,46,Female,Single,No,,1993-05-30,2013-12-28,20,0,6,99.701,4,1
E00735,IICEHHO,34,Female,Married,Yes,QA Mananger,2001-01-28,2011-10-27,10,82600,4,86.601,1,1
E00736,CYHTOZFPEF,49,Female,Single,No,IT Trainee,1983-12-13,1994-02-24,11,20500,7,5.428,5,1
E00737,LNOEZBUWPJN,44,Female,Single,No,IT Trainee,1998-06-12,2013-08-07,15,20500,12,33.414,5,1
E00738,EVCEDQYFPD,32,Female,Single,No,IT Trainee,2000-10-27,2011-01-11,11,20500,2,90.81,4,1
E00739,FFYTS,41,Male,Single,No,Developer Intern,1977-01-04,2011-09-20,34,27600,0,88.5,5,1
E00740,NDGOGTB,29,Male,Single,No,Developer Intern,1974-03-14,2004-02-16,30,27600,5,81.172,5,0
E00741,OSANRGILM,26,Female,Single,No,Software Engineering Intern,1995-09-13,2011-11-20,16,26700,1,19.977,5,1
E00742,WLMWTPJ,22,Male,Single,No,Software Engineering Intern,2010-07-06,2012-10-13,2,26700,20,93.295,5,0
E00743,TNWTFBN,48,Female,Single,No,Software Engineering Intern,1988-09-03,1998-03-06,10,26700,5,36.1,0,1
E00744,RTESBWKQKBUJJ,36,Female,Single,Yes,System Admin,2010-02-04,2014-08-07,4,58700,3,17.178,1,1
E00745,NRENIPP,46,Female,Single,No,IT,1997-04-22,2004-11-20,7,20500,15,92.8,5,1
E00746,HWMDUU,27,Male,Married,Yes,System Analyst,1980-05-13,2009-11-07,29,91250,4,93.983,3,0
E00747,FBCTCVSDGV,44,Female,Single,No,Developer Intern,2006-10-22,2010-08-21,4,27600,3,90.27,4,1
E00748,XMSEMVBN,50,Male,Married,No,,1990-03-22,1993-01-09,3,0,2,53.515,4,0
E00749,UMQHN,28,Female,Married,Yes,Software Engineer,1975-12-25,1986-08-19,11,88550,16,34.446,0,1
E00750,JNPGH,21,Female,Single,Yes,,2008-01-16,2011-02-06,3,0,9,61.165,5,1
E00751,GRXKNYU,23,Female,Married,No,IT Officer - Intern,1981-06-15,1985-07-26,4,25400,0,72.846,0,1
E00752,QHOOZTKX,27,Female,Single,No,IT,1978-05-07,2002-04-27,24,20500,15,11.545,4,1
E00753,CSKPPXGPXTHP,30,Male,Single,Yes,QA Mananger,1988-10-13,2001-10-12,13,82600,17,97.457,0,0
E00754,FYIUXBFBBHAVEC,21,Female,Single,Yes,QA Mananger,1987-07-06,2004-07-23,17,82600,18,39.045,3,0
E00755,DGGUIM,36,Female,Married,No,IT Officer - Intern,1991-08-03,2007-10-31,16,25400,20,94.363,2,1
E00756,JWAXCTRCF,42,Female,Single,Yes,IT Project Leader,1995-11-30,2004-05-03,9,78300,5,82.412,3,1
E00757,XRUEFHRWW,28,Female,Single,No,Developer Intern,2006-02-27,2014-07-11,8,27600,6,70.148,3,1
E00758,MSYHKDSKISF,25,Male,Single,Yes,IT Project Leader,1999-08-26,2005-03-03,6,78300,10,51.295,1,1
E00759,RYJSBQGKH,36,Female,Single,No,,1994-11-22,2006-01-25,12,0,17,6.505,1,0
E00760,MJFHKDMP,24,Female,Single,Yes,System Admin,2007-02-28,2009-02-14,2,58700,19,24.423,5,1
E00761,LMTUNJ,22,Female,Single,Yes,System Analyst,1983-01-29,2006-10-19,23,91250,10,6.557,2,0
E00762,EIUQSNL,32,Female,Single,Yes,Software Architecturer,1990-06-09,1995-06-28,5,80400,12,8.383,1,0
E00763,BXCULVZUN,25,Female,Married,No,,1974-06-15,1976-09-22,2,0,10,96.264,1,1
E00764,ZYBEWXSN,39,Female,Single,No,,1998-01-14,2004-02-13,6,0,8,87.361,5,1
E00765,ZZCAIJO,29,Female,Married,No,IT,1999-12-04,2005-11-19,6,20500,17,46.756,3,1
E00766,FZGLPFPBT,44,Male,Married,No,Developer Intern,1987-05-11,2003-04-01,16,27600,1,24.421,1,1
E00767,QTPDXRQZ,20,Female,Single,Yes,Software Architecturer,2000-05-20,2008-04-17,8,80400,1,23.004,0,0
E00768,TZYFMIYI,43,Female,Married,Yes,System Admin,2007-07-18,2009-08-03,2,58700,10,19.374,0,1
E00769,OQVYFOGP,29,Female,Single,No,IT,1988-11-13,2012-05-19,24,20500,5,36.4,5,1
E00770,CJNTVHJMWD,44,Female,Single,No,Software Engineering Intern,1978-02-27,2006-03-29,28,26700,7,66.999,2,1
E00771,XMLNAEIALTTET,33,Female,Married,No,IT Officer - Intern,1983-07-01,1991-06-17,8,25400,2,9.227,0,0
E00772,LLJIGTJ,46,Female,Single,No,IT Trainee,2001-09-15,2013-10-22,12,20500,15,56.403,0,1
E00773,JZPBO,25,Female,Single,No,IT Officer - Intern,1994-09-01,2008-10-18,14,25400,18,73.333,0,1
E00774,KEYAKJEIMHMT,39,Female,Married,No,Developer Intern,2009-02-11,2014-06-11,5,27600,7,2.724,4,1
E00775,DYCSJNFBN,42,Female,Single,Yes,IT Manager,1979-07-21,1984-02-03,5,73500,14,11.75,5,1
E00776,LGADFEFLFWW,33,Female,Single,No,IT,1980-03-12,2010-02-24,30,20500,3,84.08,1,1
E00777,ATSSMTX,41,Female,Single,No,Developer Intern,1992-11-30,2004-07-09,12,27600,17,56.935,2,1
E00778,HHRNLQAH,41,Female,Married,No,IT Officer - Intern,2001-11-27,2010-01-24,9,25400,4,93.762,1,1
E00779,KLHNLQZFDL,43,Female,Single,No,IT Officer - Intern,2010-12-22,2011-07-06,1,25400,2,14.655,2,1
E00780,ZAVHOS,20,Female,Single,No,IT,1986-09-17,1998-10-05,12,20500,17,28.309,0,0
E00781,SJUKKL,44,Female,Single,Yes,QA Mananger,2008-01-03,2011-09-22,3,82600,16,26.087,4,1
E00782,BHAFHSVKMGPE,34,Male,Single,No,IT Officer - Intern,1977-07-09,1980-03-31,3,25400,14,77.699,1,0
E00783,LRPPR,34,Female,Married,No,,1978-04-12,1991-05-13,13,0,12,83.124,3,1
E00784,NQETDE,25,Female,Married,No,,1972-08-28,1982-11-20,10,0,1,31.879,3,1
E00785,IDAZJMROWH,35,Female,Married,Yes,Software Engineer,2010-02-08,2013-02-11,3,88550,20,81.561,2,1
E00786,FDDTK,50,Female,Single,No,IT,2010-08-11,2012-01-27,2,20500,18,11.845,5,1
E00787,MMSOFYMM,28,Male,Single,No,IT Officer - Intern,1988-01-03,2010-02-28,22,25400,16,15.527,1,1
E00788,DSDSQPGKACRDB,24,Male,Single,No,IT,2005-09-20,2014-07-13,9,20500,14,83.617,0,1
E00789,ZGTWEZO,36,Female,Single,Yes,System Analyst,1975-03-29,2008-03-10,33,91250,15,64.4,4,1
E00790,JYTXJSKA,26,Female,Single,No,IT Trainee,2001-04-02,2014-08-09,13,20500,2,92.856,3,1
E00791,ALQLDIZK,32,Female,Single,No,IT,1983-05-04,1987-05-12,4,20500,12,31.742,2,1
E00792,TDBJDYKM,48,Male,Single,Yes,IT Project Leader,1972-12-30,1983-06-30,11,78300,19,92.841,5,0
E00793,LQQIR,26,Female,Single,No,,1978-06-21,2001-07-10,23,0,10,6.176,5,1
E00794,UJWXXXFRM,21,Male,Single,No,,1988-08-22,2002-11-22,14,0,20,86.093,2,1
E00795,JABGTDDA,46,Male,Single,No,IT,1997-02-14,2000-03-07,3,20500,0,15.48,2,0
E00796,VHEXKOVF,46,Female,Single,Yes,Tech Lead,1977-05-07,1988-12-13,11,75000,9,33.155,0,1
E00797,WQFDMZKOK,41,Female,Single,Yes,QA Mananger,1973-11-06,1979-04-09,6,82600,14,62.914,0,1
E00798,ILSLWXMQDMMJPPR,43,Female,Single,No,Developer Intern,1989-09-20,1994-02-06,5,27600,0,52.353,2,1
E00799,ZZALIVFX,39,Female,Single,No,IT,1997-07-25,2014-12-17,17,20500,8,16.218,4,1
E00800,MZTLCXEK,44,Male,Married,No,Developer Intern,1983-05-22,1995-08-03,12,27600,20,14.988,1,0
E00801,XSYXSSK,21,Male,Single,No,IT Trainee,2006-12-13,2009-03-15,3,20500,15,80.465,3,1
E00802,GDBTXATN,41,Female,Married,No,IT Officer - Intern,1979-08-09,2004-04-13,25,25400,3,97.109,5,1
E00803,MBHAWCYRANP,34,Female,Single,Yes,Software Engineer,1974-11-03,1984-03-16,10,88550,15,73.367,1,1
E00804,EXCXJWBQQSSZ,37,Male,Married,No,IT,1991-09-23,1999-11-16,8,20500,13,77.223,0,0
E00805,ZUBLLFWM,34,Female,Single,Yes,Software Architecturer,1999-01-08,2011-01-26,12,80400,6,53.911,4,1
E00806,WJZIEEYTTPJ,28,Female,Single,No,IT Trainee,1991-09-01,2011-12-09,20,20500,9,80.805,0,1
E00807,CYWEASTHAJM,25,Male,Single,No,Software Engineering Intern,2001-01-17,2011-06-25,10,26700,0,23.848,4,1
E00808,BVXRNWI,40,Female,Single,No,Software Engineering Intern,1973-10-30,1979-02-19,6,26700,0,77.596,2,1
E00809,XWFFPMIHUZK,44,Female,Married,No,IT,1985-08-18,1994-02-09,9,20500,7,48.383,3,1
E00810,CZWNTO,28,Female,Single,No,IT,1987-08-29,2010-09-30,23,20500,2,75.888,0,1
E00811,MLBXWJEXUK,20,Female,Married,Yes,System Admin,1988-08-19,2007-09-13,19,58700,18,83.862,1,1
E00812,UFEKFD,25,Male,Single,No,Software Engineering Intern,1988-12-20,2013-11-13,25,26700,6,61.72,2,1
E00813,KBDPVBF,39,Male,Single,Yes,Software Architecturer,1978-05-29,2011-12-16,33,80400,16,50.513,2,0
E00814,FZDRBOEMAME,20,Female,Married,Yes,IT App Man,2001-09-13,2006-01-07,5,53000,17,18.783,4,0
E00815,FPILRHGUPIFWJ,46,Female,Single,No,IT Trainee,1980-01-17,2014-10-12,34,20500,4,21.111,4,1
E00816,IDSHTLMM,46,Male,Married,Yes,IT Manager,2005-01-21,2007-02-08,2,73500,2,34.685,2,0
E00817,MZMRZQOTQWD,31,Female,Single,No,IT Officer - Intern,1986-01-31,2010-11-15,24,25400,0,30.748,1,1
E00818,LPUFLIK,37,Male,Single,No,Software Engineering Intern,1976-08-31,2002-10-03,26,26700,14,58.766,2,0
E00819,KFVUEIFX,40,Female,Married,Yes,IT App Man,1970-07-25,2012-11-29,42,53000,1,71.854,2,1
E00820,MYQXMCIQHYPG,44,Female,Single,No,IT Officer - Intern,1979-08-08,2005-03-25,26,25400,15,11.761,0,1
E00821,DFMBXUKNI,49,Female,Single,No,IT Officer - Intern,2007-09-10,2012-04-19,5,25400,8,95.544,5,1
E00822,VZVPJVU,41,Female,Single,No,Developer Intern,1982-12-18,2012-05-15,30,27600,6,28.772,0,1
E00823,JNFJDLZIR,27,Male,Single,No,Software Engineering Intern,1994-08-17,2010-03-15,16,26700,6,31.252,4,0
E00824,ELBNQIGK,27,Female,Married,Yes,QA Mananger,1974-10-05,1987-01-20,13,82600,0,42.096,0,1
E00825,GSNPDZQAIE,42,Female,Married,No,IT Trainee,1976-12-01,2010-12-06,34,20500,12,60.135,4,1
E00826,CUGAGDR,22,Female,Married,Yes,QA Mananger,1982-08-29,1990-06-21,8,82600,12,88.015,5,0
E00827,QVLJOLS,36,Female,Single,Yes,QA Mananger,1992-07-26,2008-01-08,16,82600,18,44.002,5,1
E00828,IIZRDOMHL,21,Male,Married,No,IT,1974-09-21,1996-01-01,22,20500,10,88.527,5,1
E00829,XXFANPDELDT,42,Male,Single,Yes,System Analyst,2007-08-06,2012-11-16,5,91250,20,99.137,5,0
E00830,JAJGDWZHYVW,25,Female,Single,No,Developer Intern,1983-12-22,2014-11-20,31,27600,14,55.33,3,1
E00831,HLSJEOKUYM,24,Female,Single,No,,2006-02-24,2007-03-23,1,0,7,36.784,3,1
E00832,JKMAAHO,33,Female,Single,Yes,Software Architecturer,1977-10-05,2007-06-14,30,80400,1,8.347,2,0
E00833,MBIZGTKFHJZ,46,Female,Married,No,IT Officer - Intern,2007-12-30,2008-03-28,1,25400,1,71.811,2,1
E00834,LRDIADSAXNO,23,Female,Single,Yes,Tech Lead,1973-04-19,1981-02-25,8,75000,6,61.189,1,0
E00835,AZDLU,25,Female,Single,No,IT,2001-11-21,2013-09-04,12,20500,1,89.926,2,1
E00836,COWCGCOOJ,39,Female,Single,No,Software Engineering Intern,1975-01-21,1987-04-26,12,26700,4,73.913,1,1
E00837,KGMJJAMYJFZ,31,Male,Single,Yes,IT Manager,1970-10-06,1972-04-27,2,73500,5,95.699,5,0
E00838,KSNAQQMOONN,44,Female,Married,No,,1994-04-15,2009-09-01,15,0,7,70.689,0,1
E00839,FECRGTNO,34,Female,Single,Yes,Software Architecturer,1982-01-11,2014-07-19,32,80400,11,44.722,3,1
E00840,OUSVPAFQSMPUSA,30,Female,Single,No,IT Officer - Intern,1980-11-22,1986-03-25,6,25400,16,25.828,3,1
E00841,YHXRVFVDMP,27,Female,Single,Yes,Software Architecturer,1989-01-28,1993-03-05,4,80400,16,58.253,4,1
E00842,VWFNLIQPQOE,40,Male,Single,No,IT,1986-01-17,1997-05-09,11,20500,6,58.56,5,1
E00843,ELIOAD,31,Female,Married,No,,2007-07-08,2010-09-01,3,0,18,1.965,1,1
E00844,SWAEWIPGFY,31,Female,Single,Yes,,1995-12-01,2004-08-27,9,0,5,30.516,1,1
E00845,TJWXYU,30,Male,Single,Yes,Tech Lead,1979-02-26,2000-01-11,21,75000,8,38.125,1,0
E00846,TKKBN,45,Female,Single,No,IT Officer - Intern,1980-11-09,2006-12-20,26,25400,0,36.485,3,1
E00847,RADNDTQNN,23,Female,Single,No,Software Engineering Intern,2003-11-21,2007-11-13,4,26700,1,83.311,3,0
E00848,PPMDOYSNJHB,46,Male,Single,No,IT,2003-01-04,2005-03-08,2,20500,17,10.363,1,0
E00849,UCROSBNBD,46,Male,Married,Yes,Software Architecturer,1971-03-28,1977-01-18,6,80400,8,55.317,1,1
E00850,ZIMCLOSE,30,Female,Single,No,IT Officer - Intern,1993-11-09,1994-10-30,1,25400,9,69.677,1,1
E00851,UCAXYI,40,Female,Single,No,IT,2006-06-13,2013-03-30,7,20500,2,50.115,2,1
E00852,CACPSSDWGE,32,Male,Married,No,Developer Intern,1980-08-01,2006-08-03,26,27600,1,67.748,3,0
E00853,PWDEOTOT,35,Female,Single,Yes,QA Mananger,1978-07-12,1996-12-17,18,82600,0,72.877,2,1
E00854,APNYJHEYTERK,29,Female,Single,No,IT,1972-03-13,2006-07-04,34,20500,18,37.153,4,1
E00855,ODRZLZGJN,36,Male,Married,No,IT Trainee,1983-02-04,2007-12-31,24,20500,8,59.427,5,1
E00856,YDISL,28,Female,Single,No,Software Engineering Intern,1979-01-10,1984-02-27,5,26700,7,26.139,5,1
E00857,QSVFDQM,33,Female,Married,No,,2007-08-29,2010-02-24,3,0,1,92.357,1,1
E00858,DUPKBCBK,26,Male,Married,No,Software Engineering Intern,1991-08-22,2006-03-19,15,26700,15,71.794,0,1
E00859,XHNNBFVMM,22,Male,Single,No,IT Officer - Intern,2002-06-23,2010-08-15,8,25400,18,21.916,0,0
E00860,GGOBQTOHP,48,Female,Single,Yes,QA Mananger,2000-09-07,2012-04-08,12,82600,10,99.904,1,1
E00861,LMLFAMI,44,Female,Single,No,IT Officer - Intern,1984-09-20,2014-09-04,30,25400,6,73.71,4,1
E00862,WLXCOO,39,Female,Single,No,IT,1997-12-14,2009-04-22,12,20500,20,53.042,5,1
E00863,AWZBDHZPUQJN,48,Male,Single,No,Developer Intern,1994-02-08,1997-10-19,3,27600,3,50.972,5,0
E00864,TNRXBKFW,26,Female,Married,No,,1993-01-12,2014-06-06,21,0,0,51.156,0,1
E00865,BFPIZUI,47,Female,Single,No,Software Engineering Intern,2001-07-08,2007-03-05,6,26700,1,40.072,0,1
E00866,ENHYEJPBU,49,Female,Single,No,IT,1994-02-10,2011-10-16,17,20500,5,12.497,5,1
E00867,KNWNMDPK,47,Male,Single,No,Software Engineering Intern,1987-11-29,2002-10-27,15,26700,11,30.446,5,0
E00868,EUGQQJ,20,Female,Single,No,IT Officer - Intern,1972-07-08,1985-07-30,13,25400,18,49.891,3,1
E00869,ROIRAPXAL,27,Female,Married,No,IT,1975-09-29,1999-06-05,24,20500,13,94.155,0,1
E00870,PFKFFN,29,Male,Married,No,,1975-01-08,1989-04-27,14,0,5,40.33,5,1
E00871,WWIQNUBKZQN,22,Female,Single,No,IT,1980-03-23,2001-09-22,21,20500,18,87.698,4,0
E00872,JXDMCV,50,Female,Single,Yes,IT App Man,2002-08-21,2013-12-08,11,53000,11,52.722,3,1
E00873,TSCCSM,35,Female,Single,No,Developer Intern,1992-09-30,1995-08-01,3,27600,1,9.871,4,1
E00874,WVLJGUHFWG,43,Female,Single,No,IT Trainee,1983-01-20,1995-12-14,12,20500,1,29.443,1,1
E00875,MWRSVHIT,41,Female,Single,No,IT,1990-06-30,2001-01-03,11,20500,16,66.72,3,1
E00876,KUPXBNHW,37,Female,Single,Yes,Software Engineer,1971-10-15,1980-07-06,9,88550,1,5.151,2,0
E00877,NBWFSGUSCMZNZ,41,Female,Married,No,Developer Intern,1985-11-06,1987-01-23,2,27600,17,48.056,4,1
E00878,DIWLSJNA,46,Male,Single,No,Developer Intern,2001-01-11,2009-02-28,8,27600,11,84.497,0,1
E00879,IKADLZDK,24,Male,Single,No,IT,1984-02-25,1995-08-18,11,20500,15,26.026,1,1
E00880,ANCMREW,23,Female,Single,No,IT,1973-11-09,2013-07-24,40,20500,1,55.912,2,1
E00881,PZQTQAPLVGWYD,48,Female,Single,Yes,Software Architecturer,1988-05-21,1993-07-08,5,80400,15,83.004,3,1
E00882,PMYZFUIYPL,38,Male,Single,No,IT,1991-12-19,2006-07-01,15,20500,20,76.28,4,0
E00883,DHLJUGWNF,36,Female,Married,No,IT Trainee,2010-10-12,2014-01-03,4,20500,1,73.893,1,1
E00884,YQPBYRHIHQ,48,Female,Married,No,Developer Intern,2010-09-03,2014-06-20,4,27600,2,92.761,4,1
E00885,WCYMUL,43,Female,Married,Yes,System Analyst,1983-11-18,1999-10-11,16,91250,16,2.111,3,1
E00886,SBLESPF,25,Male,Single,Yes,System Analyst,1980-04-23,1990-12-04,10,91250,7,44.176,2,1
E00887,QXHTKQ,39,Female,Single,No,Developer Intern,1978-12-31,1992-09-25,14,27600,19,34.914,4,1
E00888,WTTAXEVC,32,Female,Married,Yes,QA Mananger,1994-04-07,2009-10-15,15,82600,20,94.18,0,1
E00889,ZGGDUCF,26,Male,Single,No,Software Engineering Intern,1984-08-12,2011-02-17,27,26700,2,2.871,0,0
E00890,PVVDZVXR,30,Male,Single,No,IT Officer - Intern,2008-11-09,2012-11-23,4,25400,11,92.235,2,1
E00891,HYMBUZAQ,25,Female,Single,Yes,System Analyst,2011-01-29,2013-09-15,2,91250,14,61.466,3,1
E00892,KDFBC,38,Female,Married,No,Software Engineering Intern,1970-04-05,1994-11-21,24,26700,5,31.502,2,1
E00893,NVABZOL,50,Male,Single,No,IT Officer - Intern,1971-09-11,1984-07-10,13,25400,6,40.745,0,0
E00894,DYXHTF,23,Male,Single,No,Developer Intern,1989-01-12,2004-11-16,15,27600,17,78.179,0,1
E00895,TKXLHFCF,29,Male,Married,No,IT Trainee,1974-05-25,1990-06-21,16,20500,18,24.068,2,0
E00896,JJLFSJNUSOO,36,Female,Single,No,IT,1983-01-02,2009-07-02,26,20500,9,58.941,2,1
E00897,VCRUZVEJL,40,Female,Married,No,IT Trainee,1986-03-04,1996-09-20,10,20500,4,38.254,5,1
E00898,WTKPNDWKX,30,Female,Single,No,,2000-07-19,2008-11-26,8,0,17,40.249,2,1
E00899,MZZWDCFVYCDMXQJ,33,Male,Single,No,IT Officer - Intern,2004-06-04,2010-02-28,6,25400,4,45.169,1,1
E00900,CLNHKHRVWURQH,47,Female,Married,No,,1970-01-05,1981-04-30,11,0,0,90.635,2,1
E00901,XUPHXR,42,Female,Married,Yes,IT Manager,1974-08-21,1977-06-01,3,73500,17,62.983,0,1
E00902,TPRTBFM,43,Female,Single,No,IT Officer - Intern,2000-07-19,2008-06-02,8,25400,2,2.338,0,0
E00903,MSXKONZTYHQK,47,Female,Single,Yes,QA Mananger,2000-02-18,2008-08-11,8,82600,12,99.6,3,1
E00904,ZECGMO,35,Male,Single,No,,1975-01-18,2015-01-29,40,0,13,33.462,5,1
E00905,VJMNLVTEA,34,Male,Single,No,IT Trainee,1994-05-06,1998-04-19,4,20500,1,23.182,1,1
E00906,KUHBOTU,26,Female,Single,Yes,System Analyst,2002-01-28,2007-12-19,5,91250,14,87.463,0,1
E00907,XRTTKKETMCCX,24,Female,Single,No,IT Trainee,1978-03-12,1995-03-03,17,20500,19,55.265,2,1
E00908,SIISFJLTC,26,Female,Single,No,IT,1989-06-11,2011-01-09,22,20500,12,86.997,1,1
E00909,SNFAHVX,23,Male,Married,No,Software Engineering Intern,2004-05-10,2005-03-07,1,26700,5,93.201,5,1
E00910,DXKNEMIYOC,46,Male,Single,No,IT Trainee,2010-08-24,2014-10-28,4,20500,1,70.705,0,1
E00911,IBATTE,42,Female,Single,Yes,,2010-11-12,2014-01-14,4,0,16,52.591,0,1
E00912,QLXCMELGH,42,Male,Single,No,Developer Intern,2010-11-29,2011-07-25,1,27600,8,10.314,4,0
E00913,MQRXXMXATRCQ,34,Female,Married,No,IT,1994-10-28,1999-05-29,5,20500,17,50.421,4,1
E00914,GDCAEDWXF,38,Female,Single,No,IT Officer - Intern,2007-01-15,2010-08-06,3,25400,20,8.651,4,1
E00915,KGTJTS,33,Male,Single,No,Software Engineering Intern,1983-11-25,2004-09-09,21,26700,8,59.77,2,1
E00916,LRUUZB,38,Female,Single,No,IT Officer - Intern,2002-08-07,2006-12-06,4,25400,8,9.15,0,0
E00917,UDVILT,28,Male,Single,No,IT,1974-02-09,2000-05-07,26,20500,11,98.656,2,1
E00918,IJJSHLVUDE,30,Male,Married,No,,1988-12-01,1998-12-09,10,0,8,27.235,0,0
E00919,VJDZISAYR,25,Female,Single,Yes,IT Manager,1975-11-04,2005-06-12,30,73500,17,21.331,5,1
E00920,AWLWWRPQY,37,Female,Single,No,Software Engineering Intern,1991-05-16,1998-11-06,7,26700,19,45.222,2,1
E00921,ABUMTEH,27,Female,Married,No,,1973-10-05,2008-08-25,35,0,12,47.282,3,1
E00922,NNWOQZGTQP,47,Female,Single,No,Developer Intern,1995-05-22,2014-12-31,19,27600,20,99.226,2,1
E00923,FHGGNNZY,42,Male,Single,No,IT,1985-05-14,1987-04-30,2,20500,8,38.708,0,0
E00924,YCWPTL,21,Male,Single,Yes,IT Project Leader,2004-05-15,2005-05-11,1,78300,14,49.012,2,1
E00925,FTGKXHL,40,Female,Single,No,,1983-01-18,1992-08-13,9,0,19,64.978,3,1
E00926,VLPRCSVZQXJ,41,Female,Single,Yes,System Admin,1999-02-28,2002-01-19,3,58700,6,9.905,0,1
E00927,INDQJFSEP,25,Male,Married,No,IT Trainee,2008-05-02,2012-07-07,4,20500,1,57.542,3,0
E00928,YUEWBXN,37,Female,Single,No,,1983-04-08,2007-10-06,24,0,5,62.427,0,1
E00929,LTVIOIRS,49,Male,Single,No,IT Trainee,1996-08-09,2001-11-22,5,20500,6,35.54,1,0
E00930,LVQOUBVTKNRO,44,Female,Single,No,IT,1987-10-13,2010-09-26,23,20500,16,17.878,4,1
E00931,AQRFJOO,47,Female,Single,Yes,Tech Lead,2008-02-29,2014-01-26,6,75000,8,42.821,5,1
E00932,PHCXBXQKJ,39,Female,Single,No,Developer Intern,1988-01-24,1996-01-17,8,27600,20,67.15,2,1
E00933,JDLZDKO,21,Female,Married,No,Developer Intern,2007-07-31,2010-11-26,3,27600,6,52.884,2,0
E00934,IMLANEOYT,42,Female,Single,No,IT Officer - Intern,2002-12-08,2010-03-06,8,25400,14,20.674,4,1
E00935,PBIET,39,Female,Single,No,IT Trainee,2003-06-22,2014-02-18,11,20500,14,54.644,1,1
E00936,DBXMWCCMX,46,Female,Single,No,Software Engineering Intern,1972-06-24,2010-03-30,38,26700,3,69.459,0,1
E00937,BSSRAYKUGTH,21,Male,Single,No,Developer Intern,1971-12-13,2007-09-01,36,27600,16,67.038,0,0
E00938,QPDBTVD,26,Male,Single,No,IT Officer - Intern,1970-07-15,1986-07-03,16,25400,13,76.882,1,0
E00939,JLESUTNYZX,40,Female,Married,No,,1976-01-21,1997-03-05,21,0,10,95.001,4,1
E00940,UBWHQJSZJA,33,Male,Single,No,IT Trainee,1970-04-06,2008-01-30,38,20500,15,77.186,5,1
E00941,RIFNGYWK,48,Female,Married,No,Developer Intern,1992-01-20,1994-12-08,2,27600,7,19.604,1,1
E00942,JVELGKLJRYT,33,Female,Single,Yes,QA Mananger,1987-08-11,1988-08-28,1,82600,0,60.105,3,1
E00943,HYZVYG,28,Female,Single,No,IT,1999-08-25,2014-02-05,15,20500,14,36.67,3,1
E00944,XQSHNZGQ,38,Female,Single,Yes,,2002-01-10,2008-12-14,6,0,14,1.137,2,0
E00945,CNEXNMOUUW,31,Male,Single,No,,2007-05-24,2009-04-18,2,0,3,29.874,5,1
E00946,KOGJJVFEDLT,36,Female,Single,No,,1989-06-19,2005-01-13,16,0,20,36.85,3,1
E00947,RAHBFGIBP,22,Female,Single,No,,1999-10-10,2014-06-06,15,0,5,87.473,3,0
E00948,FDCPDJUBRRZL,44,Female,Married,No,Software Engineering Intern,1996-12-29,2002-04-18,6,26700,2,38.977,5,1
E00949,RWOFGLGRTP,48,Male,Single,Yes,Tech Lead,1977-02-28,2002-02-04,25,75000,6,77.341,4,0
E00950,QGCCZSM,48,Female,Married,No,IT Officer - Intern,1986-02-17,2013-09-28,27,25400,12,11.642,0,1
E00951,CTGQBFDEW,24,Female,Single,No,Software Engineering Intern,1974-11-01,1978-02-23,4,26700,1,2.972,1,1
E00952,TJRNJKZTBS,32,Female,Married,No,Developer Intern,2007-05-21,2012-05-30,5,27600,2,32.636,5,1
E00953,RDDYHFK,20,Male,Married,No,IT Trainee,1988-11-18,2001-02-26,13,20500,20,59.652,0,1
E00954,MSYQKCWTA,36,Male,Single,Yes,IT Manager,1971-01-15,2005-11-20,34,73500,1,61.8,4,1
E00955,WZEEWQO,26,Female,Single,Yes,Tech Lead,1996-12-09,2004-01-06,8,75000,2,44.602,2,1
E00956,BREXZOJHCSV,25,Female,Single,No,IT Officer - Intern,1986-07-06,1993-12-19,7,25400,4,53.417,5,1
E00957,GTYHHP,34,Female,Single,No,Software Engineering Intern,1997-12-31,2011-09-30,14,26700,13,23.773,0,1
E00958,DDGCEHBIF,39,Female,Single,Yes,IT App Man,1997-11-30,2014-06-22,17,53000,10,86.002,0,1
E00959,YWQCZDPROUND,38,Male,Married,No,IT Trainee,1985-01-21,1995-03-31,10,20500,8,32.516,5,0
E00960,TWCIY,42,Female,Married,No,IT Trainee,1994-11-30,1998-01-11,4,20500,13,43.758,4,1
E00961,NJVFKFQE,43,Female,Single,Yes,System Admin,2007-12-07,2011-01-30,4,58700,1,34.829,0,1
E00962,PVLZKDNV,21,Female,Single,No,IT Trainee,1993-05-14,2003-09-16,10,20500,15,75.235,5,0
E00963,GSIKBXKDSOI,43,Female,Single,No,,1987-12-30,1993-06-07,6,0,16,52.998,3,1
E00964,HPAFOOUQCLDW,35,Female,Single,No,IT,2007-04-14,2009-01-07,2,20500,5,42.492,3,1
E00965,VQKDNPOAGDWMZ,40,Female,Married,No,Developer Intern,1979-04-19,2008-05-12,29,27600,3,8.792,0,0
E00966,SMKSFBIIFV,32,Female,Married,No,IT Trainee,2004-11-16,2007-11-07,3,20500,3,4.958,2,1
E00967,LIGRPWFNXUBC,38,Male,Single,Yes,IT Manager,1988-01-19,2001-03-10,13,73500,9,71.969,5,1
E00968,IUOBSMSP,43,Female,Single,Yes,IT App Man,1999-03-21,2005-01-08,6,53000,10,90.819,3,1
E00969,RJRVEBUW,41,Female,Single,Yes,IT App Man,1973-01-06,1997-09-06,24,53000,1,87.212,5,1
E00970,IDLIXHOIOQ,22,Female,Single,No,Developer Intern,2000-08-01,2010-11-30,10,27600,20,80.86,5,0
E00971,DZCDHCA,44,Male,Single,No,IT Officer - Intern,2001-02-24,2009-10-12,8,25400,2,26.386,3,1
E00972,AMWPNHVUXH,41,Male,Married,No,,1979-11-05,1987-01-24,8,0,0,15.823,0,1
E00973,HWMUXHSG,36,Female,Single,No,IT,1987-05-12,2006-04-11,19,20500,13,74.231,2,1
E00974,HEJGSC,45,Female,Single,No,IT Officer - Intern,1997-04-08,2007-03-20,10,25400,14,27.922,5,1
E00975,OJKMXH,46,Female,Single,Yes,QA Mananger,1984-11-07,1994-07-07,10,82600,13,36.41,1,1
E00976,CMKKOUQTPLQS,33,Female,Single,Yes,IT Project Leader,1987-11-22,2002-07-03,15,78300,18,36.876,5,1
E00977,DUMVQGXQ,44,Female,Single,No,IT Trainee,1985-06-30,2013-01-15,28,20500,8,5.782,4,0
E00978,RMUPYXY,45,Female,Single,No,IT,2006-01-08,2008-08-23,2,20500,18,72.529,1,1
E00979,GGGQSDWFGZRRV,20,Female,Single,Yes,Software Engineer,1987-12-30,1992-07-30,5,88550,19,25.459,2,0
E00980,PWSUQSVFMNI,39,Male,Single,No,IT,1982-11-22,1993-10-28,11,20500,12,63.157,4,0
E00981,FJQAZ,30,Male,Single,No,IT Officer - Intern,1995-06-15,1999-02-20,4,25400,14,74.129,2,0
E00982,ESNLYHEP,43,Male,Single,No,Developer Intern,2004-04-04,2013-03-24,9,27600,9,81.203,1,0
E00983,QQKBHG,45,Female,Single,No,IT Trainee,1978-09-27,2007-01-11,29,20500,19,42.438,1,1
E00984,CIEKXHJK,46,Male,Married,Yes,QA Mananger,1994-03-01,1998-03-22,4,82600,8,94.608,0,0
E00985,SFWVOYUV,25,Female,Single,No,Software Engineering Intern,1993-03-07,2003-08-14,10,26700,3,49.744,5,1
E00986,XZBZLU,20,Female,Married,Yes,System Admin,1974-01-30,1985-10-21,11,58700,0,43.406,2,0
E00987,LPQTKDHFIZXP,36,Male,Married,Yes,Tech Lead,1976-08-22,1985-07-19,9,75000,2,35.765,5,0
E00988,ASAQKDP,45,Male,Single,No,IT Trainee,1976-01-07,2008-01-30,32,20500,7,9.235,2,0
E00989,AZTLUA,43,Female,Single,No,Developer Intern,1972-06-05,2006-11-15,34,27600,10,34.534,2,1
E00990,GYWFGRPOIEB,42,Female,Single,No,IT Officer - Intern,1971-11-28,1988-02-21,17,25400,11,95.707,0,1
E00991,OHKHAGKYNO,48,Female,Single,Yes,IT App Man,1974-01-03,1981-04-21,7,53000,10,29.319,1,1
E00992,HJBBKT,36,Female,Single,No,Developer Intern,1991-06-15,2001-06-19,10,27600,4,1.958,3,0
E00993,TBIIGES,30,Male,Single,No,,1986-10-26,2007-12-17,21,0,15,69.888,2,1
E00994,QVENMXIAMUGJ,48,Male,Married,Yes,System Admin,1992-06-01,2004-02-25,12,58700,7,99.683,3,1
E00995,FXDPPYLTNGD,27,Female,Married,No,IT Trainee,2001-03-22,2007-07-15,6,20500,4,83.876,2,1
E00996,MTTWQJDCVYIW,29,Male,Single,Yes,IT Project Leader,1998-02-17,2002-02-01,4,78300,5,4.436,5,0
E00997,UXDWQKWBJ,43,Female,Married,No,IT,2002-08-01,2014-08-12,12,20500,4,98.874,2,1
E00998,ANIIEUWNQX,48,Female,Married,No,,1995-11-14,1999-04-13,4,0,13,40.791,5,1
E00999,EMXXWYOOSSWSN,44,Female,Married,No,IT Officer - Intern,1997-11-19,2010-05-20,13,25400,3,91.367,2,1
E001000,RXMTKHRAS,23,Female,Single,No,Developer Intern,1996-02-15,2001-08-24,5,27600,16,79.669,5,0
