Employee ID,Employee Name,Age,Gender,Marital Status,Having Degree,Job Role,Tenure,Salary,No of Leaves,Distance,No of Dependents
E003,NWWHPW,46,Male,Single,No,Developer Intern,14,27600,11,16.804,0
E0010,VIHDJOFBG,47,Female,Single,No,Developer Intern,3,27600,4,27.421,1
E0015,BKWJANMBJNBS,21,Male,Married,No,Developer Intern,14,27600,10,5.209,3
E0032,MWIISPMSKMIF,42,Female,Single,No,Developer Intern,12,27600,6,39.29,2
E0066,WLQACUUO,37,Female,Married,No,Developer Intern,3,27600,15,10.812,3
E0071,WGPVAFEP,37,Female,Married,No,Developer Intern,25,27600,15,15.578,4
E0072,EOMCDCPDZJ,44,Female,Single,No,Developer Intern,11,27600,15,49.877,0
E0078,NYTGXZ,46,Male,Single,No,Developer Intern,9,27600,1,48.97,3
E00100,DBIKHROH,47,Female,Single,No,Developer Intern,4,27600,3,9.822,1
E00119,LPNBP,36,Female,Married,No,Developer Intern,1,27600,0,14.337,3
E00121,SLHEIP,47,Female,Single,No,Developer Intern,5,27600,16,23.056,3
E00123,DBZIJAPKIO,20,Male,Married,No,Developer Intern,7,27600,0,7.544,4
E00127,DNDBCFXTXBO,43,Female,Married,No,Developer Intern,26,27600,18,1.292,1
E00146,FCTTYJDUWBGGJY,28,Female,Single,No,Developer Intern,11,27600,2,28.929,1
E00151,LFTQZATVR,21,Male,Single,No,Developer Intern,2,27600,16,36.833,3
E00159,YLRRBQH,34,Female,Single,No,Developer Intern,10,27600,13,29.038,0
E00161,WLZOHWUPIC,28,Female,Single,No,Developer Intern,2,27600,12,49.777,3
E00173,JHKHGU,49,Female,Single,No,Developer Intern,5,27600,16,1.623,5
E00190,PMIAR,37,Female,Single,No,Developer Intern,2,27600,8,3.65,5
E00194,PICTJC,41,Female,Single,No,Developer Intern,17,27600,13,38.063,1
E00196,TWGFPMG,43,Male,Single,No,Developer Intern,9,27600,2,8.333,0
E00205,BANLLNXHL,44,Male,Single,No,Developer Intern,31,27600,0,2.23,0
E00213,AEDJDPIB,50,Male,Single,No,Developer Intern,15,27600,10,12.031,2
E00218,LQTUCJX,35,Female,Single,No,Developer Intern,8,27600,19,20.065,5
E00249,HEBGH,30,Male,Single,No,Developer Intern,7,27600,14,18.581,2
E00253,DMCKZOLUYRRAM,21,Female,Single,No,Developer Intern,7,27600,14,19.505,2
E00280,ZHYQFEVZUW,46,Male,Married,No,Developer Intern,9,27600,16,46.88,2
E00285,QGECZHEG,25,Female,Married,No,Developer Intern,11,27600,3,31.91,4
E00292,HMFWYOYQFUJP,26,Female,Single,No,Developer Intern,21,27600,8,12.303,0
E00295,OPFJAUPUKK,44,Female,Married,No,Developer Intern,14,27600,15,20.419,1
E00300,SYRHNRELGW,40,Male,Single,No,Developer Intern,10,27600,8,36.872,1
E00301,VQBGSMDH,48,Female,Single,No,Developer Intern,23,27600,14,22.863,0
E00304,GRZIDKPJ,32,Male,Single,No,Developer Intern,6,27600,7,24.496,3
E00308,XYTOWPZBH,36,Female,Married,No,Developer Intern,8,27600,15,6.206,3
E00314,ESRZDQ,20,Female,Single,No,Developer Intern,6,27600,5,45.125,3
E00317,CACNGKRHJFHU,30,Male,Married,No,Developer Intern,25,27600,1,18.897,0
E00326,JSSCLJXIGT,38,Female,Married,No,Developer Intern,28,27600,17,41.009,1
E00330,KYBOYFMLUNTT,30,Female,Married,No,Developer Intern,31,27600,1,40.586,0
E00343,HMROMCZT,31,Female,Married,No,Developer Intern,5,27600,18,12.085,3
E00350,CDWTBUX,45,Male,Married,No,Developer Intern,6,27600,3,33.672,1
E00361,KVYLRPNWIY,48,Male,Single,No,Developer Intern,2,27600,19,11.79,4
E00364,EMMMC,41,Female,Single,No,Developer Intern,13,27600,10,48.959,3
E00381,LHQWBS,47,Female,Married,No,Developer Intern,20,27600,13,39.514,1
E00386,UOVPIZLULRA,44,Male,Single,No,Developer Intern,11,27600,5,40.758,2
E00407,DYAPPF,35,Female,Married,No,Developer Intern,12,27600,5,29.081,2
E00414,HQMRBBJCN,32,Male,Married,No,Developer Intern,3,27600,14,38.359,4
E00426,MIBANK,43,Female,Married,No,Developer Intern,31,27600,13,24.221,4
E00435,BILJOFFDOG,49,Female,Single,No,Developer Intern,16,27600,15,10.568,4
E00436,MTMJG,36,Female,Married,No,Developer Intern,10,27600,7,37.257,5
E00445,QWFIFBW,21,Male,Married,No,Developer Intern,24,27600,12,41.23,5
E00447,EVQLEP,34,Female,Single,No,Developer Intern,2,27600,14,48.3,5
E00451,LAJWTWRJYFKED,43,Female,Single,No,Developer Intern,17,27600,2,8.473,2
E00455,HRAYCRRDUN,47,Female,Single,No,Developer Intern,2,27600,7,47.308,5
E00466,ZHGJXLWUH,27,Female,Married,No,Developer Intern,20,27600,10,6.908,2
E00470,XUGDLJTHM,33,Female,Single,No,Developer Intern,7,27600,13,23.114,3
E00475,AFEBOWZHP,48,Female,Single,No,Developer Intern,21,27600,14,49.811,5
E00490,KWBJFPYOI,20,Female,Married,No,Developer Intern,20,27600,15,48.096,1
E00497,GATMGGGTUS,21,Female,Single,No,Developer Intern,11,27600,13,16.685,4
E00504,MSTSZGCXV,26,Female,Single,No,Developer Intern,4,27600,17,18.203,0
E00507,LHFLUUBC,27,Female,Single,No,Developer Intern,2,27600,2,35.037,1
E00510,THEZHTMM,44,Female,Married,No,Developer Intern,2,27600,1,25.529,4
E00513,RIUCUFWPT,45,Female,Single,No,Developer Intern,16,27600,16,29.455,4
E00518,KBUWHKDWRZCZK,28,Female,Single,No,Developer Intern,5,27600,10,45.664,0
E00520,IFGIIUKFPI,39,Female,Married,No,Developer Intern,4,27600,5,32.905,5
E00550,WWZZQBFNX,43,Male,Single,No,Developer Intern,13,27600,11,15.394,2
E00579,MBDDCBH,43,Male,Single,No,Developer Intern,5,27600,2,38.804,3
E00580,QHAZWFBWQZ,43,Female,Single,No,Developer Intern,9,27600,2,18.969,1
E00581,VQZAAOTHOE,34,Female,Single,No,Developer Intern,6,27600,17,34.777,1
E00612,KSPPK,22,Female,Single,No,Developer Intern,14,27600,2,1.826,0
E00615,XKAHQSVUEWTWT,34,Female,Single,No,Developer Intern,16,27600,11,18.043,2
E00627,YCBTTVXDI,41,Male,Married,No,Developer Intern,8,27600,12,7.447,4
E00636,GUZKPOHOKQ,38,Female,Single,No,Developer Intern,4,27600,6,8.014,4
E00641,ZKEFQBQS,29,Male,Single,No,Developer Intern,3,27600,8,38.574,4
E00648,NPPBCVN,20,Male,Single,No,Developer Intern,1,27600,7,40.549,4
E00656,TKVCGSM,24,Male,Single,No,Developer Intern,10,27600,17,46.361,1
E00668,QEVYAMBYHL,40,Male,Single,No,Developer Intern,5,27600,0,31.522,1
E00678,QZAZS,22,Female,Single,No,Developer Intern,16,27600,11,17.555,3
E00679,WYKDXTMZPZ,39,Male,Married,No,Developer Intern,20,27600,12,22.196,0
E00686,LCTZU,25,Female,Single,No,Developer Intern,3,27600,16,14.291,0
E00692,CKLARC,48,Female,Married,No,Developer Intern,7,27600,18,41.89,4
E00693,SETSWKCAPOI,47,Female,Single,No,Developer Intern,6,27600,1,2.384,5
E00699,LQDRPCPUY,37,Female,Single,No,Developer Intern,18,27600,18,3.156,3
E00708,UQRLFO,37,Female,Married,No,Developer Intern,21,27600,5,24.727,5
E00724,APXGOOYCPNHLON,50,Female,Single,No,Developer Intern,2,27600,17,23.142,5
E00730,SDTIATHKR,46,Female,Married,No,Developer Intern,43,27600,0,39.776,5
E00732,JHABAO,35,Male,Single,No,Developer Intern,17,27600,2,43.991,0
E00749,ILWOUP,42,Male,Single,No,Developer Intern,2,27600,15,1.512,0
E00750,VYXYCGIEAYPB,23,Female,Single,No,Developer Intern,4,27600,14,29.862,4
E00756,XFTAIS,40,Female,Single,No,Developer Intern,36,27600,3,36.092,3
E00782,JLLJGHEW,29,Female,Single,No,Developer Intern,11,27600,15,41.963,0
E00788,AUXXOLBIOTO,38,Male,Married,No,Developer Intern,28,27600,19,21.942,4
E00795,QSKDHVXGNUNHU,44,Female,Single,No,Developer Intern,1,27600,4,41.01,2
E00803,GNVNNOS,27,Male,Single,No,Developer Intern,11,27600,7,40.637,2
E00809,DSFIYWWS,48,Female,Single,No,Developer Intern,2,27600,16,19.857,4
E00812,FLEUAOVHZTRNVY,35,Female,Married,No,Developer Intern,21,27600,5,46.719,5
E00815,SLTVIHDNR,31,Female,Single,No,Developer Intern,2,27600,7,41.582,5
E00831,GBUREAUCDJUCLCVE,25,Female,Married,No,Developer Intern,5,27600,15,19.074,0
E00833,LAYATGJLLRBSP,47,Male,Single,No,Developer Intern,1,27600,3,15.163,0
E00840,HQCKA,23,Female,Single,No,Developer Intern,12,27600,16,24.011,2
E00841,MTJBJCXCID,27,Female,Single,No,Developer Intern,27,27600,5,24.239,2
E00842,GPFEAMSNK,41,Female,Married,No,Developer Intern,13,27600,14,39.619,4
E00869,HQMAGV,20,Male,Married,No,Developer Intern,5,27600,2,2.129,0
E00873,QGPKQRJPSILX,34,Male,Single,No,Developer Intern,33,27600,8,19.2,0
E00889,SJIVJB,41,Female,Single,No,Developer Intern,8,27600,18,46.108,1
E00909,WETSROED,28,Female,Single,No,Developer Intern,1,27600,4,35.777,2
E00916,DGHDY,22,Male,Single,No,Developer Intern,1,27600,8,45.51,0
E00923,OZOSPHQDTLS,28,Female,Single,No,Developer Intern,25,27600,12,43.78,1
E00931,FHVVWYXGQVL,30,Female,Married,No,Developer Intern,11,27600,6,29.391,3
E00933,RHDEES,49,Female,Married,No,Developer Intern,17,27600,8,35.227,3
E00938,IPKBDJJEFKHOPWE,46,Female,Married,No,Developer Intern,20,27600,2,1.524,2
E00939,JYGINUVLZ,46,Female,Married,No,Developer Intern,12,27600,0,16.789,3
E00942,FZZMRDFPEL,31,Female,Single,No,Developer Intern,10,27600,19,18.934,2
E00947,GGXSDW,46,Female,Married,No,Developer Intern,2,27600,12,7.891,0
E00950,INVXGTTTE,29,Male,Married,No,Developer Intern,6,27600,1,10.017,4
E00952,DLSNTPFT,22,Female,Single,No,Developer Intern,13,27600,5,36.624,0
E00956,DKWFVMUR,31,Female,Single,No,Developer Intern,12,27600,17,38.164,2
E00958,QSRJILG,50,Female,Single,No,Developer Intern,16,27600,4,42.055,5
E00968,KVCWMYOIQS,43,Male,Single,No,Developer Intern,24,27600,19,19.984,4
E00978,YRLQJVGKSS,44,Female,Married,No,Developer Intern,41,27600,16,49.684,3
E00995,ZIFQQS,30,Female,Married,No,Developer Intern,22,27600,19,35.564,0
E001000,JQJEHVGPQN,35,Female,Single,No,Developer Intern,19,27600,6,35.715,5
E002,YUMPOTVWY,45,Female,Married,No,IT,33,20500,17,37.41,1
E0018,XGUEHNM,43,Male,Single,No,IT,4,20500,1,5.92,5
E0029,JMWGDGOQ,22,Male,Single,No,IT,20,20500,3,43.489,5
E0034,OXMPNMW,21,Female,Single,No,IT,14,20500,4,5.458,3
E0037,KIZRLEWN,39,Female,Single,No,IT,5,20500,1,8.649,5
E0040,JXAGUKKA,24,Male,Single,No,IT,12,20500,5,5.737,2
E0043,IXKPCNLU,44,Female,Married,No,IT,31,20500,10,23.348,3
E0054,ZXBYMMTUNV,44,Female,Single,No,IT,13,20500,5,19.256,2
E0055,GRGACCWANOR,28,Female,Married,No,IT,20,20500,2,39.458,2
E00102,RDMUQSVCQ,22,Male,Single,No,IT,21,20500,6,25.418,5
E00103,GBFUHLXTFKT,33,Male,Single,No,IT,21,20500,7,44.235,4
E00124,TIAMMSZ,36,Male,Married,No,IT,12,20500,6,38.017,1
E00134,MJLCASIYTKG,34,Female,Married,No,IT,15,20500,7,36.128,3
E00138,PIEHRSPD,31,Female,Single,No,IT,15,20500,14,32.364,0
E00143,KVPISYNZQDIUBB,48,Male,Single,No,IT,6,20500,7,31.688,4
E00154,KEEVBWR,40,Female,Single,No,IT,4,20500,17,26.106,4
E00156,BEAVIMQIDPVS,31,Female,Single,No,IT,8,20500,1,37.356,0
E00157,LZAVRZDLJNHKAEKGHH,43,Female,Married,No,IT,7,20500,12,36.789,4
E00160,HWLIKAN,43,Female,Married,No,IT,5,20500,12,18.106,3
E00180,VKNGMCGZKX,50,Male,Single,No,IT,11,20500,2,1.638,3
E00216,FXUQDPDMNGC,24,Male,Single,No,IT,16,20500,17,42.218,4
E00217,RTODLXU,22,Male,Married,No,IT,8,20500,20,12.753,4
E00221,BSBRSXOOCC,32,Female,Single,No,IT,26,20500,2,5.733,2
E00230,GUCNCSU,50,Female,Single,No,IT,4,20500,9,12.482,5
E00260,URJZXZXZAQBG,46,Female,Single,No,IT,20,20500,6,4.219,2
E00261,KFPLTJMG,42,Male,Single,No,IT,19,20500,11,4.868,1
E00265,UPJCYPHJJXGMY,39,Female,Single,No,IT,11,20500,12,36.916,0
E00273,JEXEFNN,28,Female,Single,No,IT,6,20500,2,13.215,5
E00282,NYGWMPL,29,Female,Married,No,IT,4,20500,7,2.635,3
E00307,ABTYZVXUI,22,Female,Single,No,IT,2,20500,13,42.57,5
E00309,XLEBZOO,28,Male,Single,No,IT,4,20500,4,11.224,4
E00310,UGLNJUPUD,40,Male,Single,No,IT,27,20500,3,1.14,5
E00312,DXVCNLZF,37,Female,Married,No,IT,9,20500,20,21.316,4
E00318,GGDPCOWXU,44,Female,Married,No,IT,2,20500,18,33.664,5
E00323,IGWHYGPDE,29,Male,Single,No,IT,6,20500,10,3.195,4
E00329,OMMSQV,21,Female,Single,No,IT,8,20500,11,21.868,3
E00335,QBYNXUUL,49,Male,Single,No,IT,31,20500,16,14.955,5
E00337,XRUWRX,47,Male,Single,No,IT,1,20500,15,39.89,5
E00344,DDKZPSAJCSI,35,Female,Single,No,IT,40,20500,8,2.444,4
E00348,YQYXVSLLOFUV,29,Female,Single,No,IT,6,20500,6,6.287,3
E00363,CORDAVMGTAH,28,Male,Married,No,IT,5,20500,0,36.311,4
E00365,KMFQPFEIN,45,Male,Single,No,IT,27,20500,9,28.36,3
E00366,IMQQKH,35,Male,Single,No,IT,1,20500,1,15.141,2
E00367,CXWZWPDALJ,34,Male,Single,No,IT,23,20500,2,47.908,1
E00378,ULDRRROMG,36,Female,Married,No,IT,23,20500,11,2.428,1
E00380,YLKONZXBA,43,Female,Married,No,IT,4,20500,14,29.359,5
E00397,DXBHTPTL,21,Female,Married,No,IT,8,20500,14,35.051,5
E00398,IBYKFGPGSZM,34,Male,Single,No,IT,9,20500,20,38.494,5
E00402,FVTBDEE,30,Male,Single,No,IT,21,20500,7,33.692,4
E00405,XBEDMGFHFCH,42,Female,Single,No,IT,25,20500,5,34.406,2
E00413,KVKPPN,31,Female,Single,No,IT,15,20500,9,40.356,4
E00420,ZTBRWEOYXHUZ,24,Male,Married,No,IT,1,20500,11,2.68,5
E00428,BJZRPCSC,44,Female,Single,No,IT,18,20500,0,20.139,5
E00429,IAMEMA,50,Male,Married,No,IT,21,20500,9,10.633,5
E00432,GBDCULAZJR,35,Male,Single,No,IT,1,20500,17,47.527,1
E00437,RCLJRKNPK,31,Male,Single,No,IT,17,20500,2,49.118,1
E00438,TAXIQQI,49,Female,Single,No,IT,4,20500,1,9.894,3
E00450,VPPIBSQ,33,Female,Single,No,IT,8,20500,12,7.661,1
E00462,KJMYFDL,45,Male,Single,No,IT,3,20500,16,32.604,1
E00465,BKIFWX,23,Male,Single,No,IT,7,20500,13,22.638,4
E00474,RSZEJYORPK,25,Male,Single,No,IT,2,20500,14,34.361,5
E00476,CEDQRMCBT,43,Male,Married,No,IT,5,20500,1,46.238,0
E00483,CQQBNCWOXVLP,26,Male,Married,No,IT,4,20500,17,37.455,3
E00487,WQTTVFXA,31,Male,Single,No,IT,3,20500,16,33.431,3
E00511,LSQIJYIQ,48,Male,Married,No,IT,3,20500,13,15.386,2
E00516,HMVQUWNXQ,38,Female,Married,No,IT,15,20500,15,13.254,0
E00528,KEBRQCTOSN,28,Female,Married,No,IT,2,20500,3,19.711,3
E00535,EPAUJPOJ,49,Female,Single,No,IT,4,20500,18,34.095,1
E00537,VEDSI,42,Male,Married,No,IT,9,20500,2,17.434,4
E00541,NYESDDQG,48,Male,Single,No,IT,1,20500,19,40.644,2
E00549,GYYZZZ,21,Female,Single,No,IT,3,20500,20,29.435,4
E00555,LLAKYWMXXD,44,Male,Married,No,IT,4,20500,0,14.992,1
E00556,WHCEBWWE,48,Female,Single,No,IT,30,20500,9,46.877,4
E00558,VRUPN,22,Male,Single,No,IT,5,20500,7,25.7,0
E00560,KFZEMNVFJR,47,Female,Single,No,IT,3,20500,6,35.51,0
E00564,ZEVSLZJLIJ,34,Male,Married,No,IT,32,20500,20,42.189,4
E00566,MGRFL,31,Female,Single,No,IT,2,20500,11,47.062,1
E00571,PMIDMXQ,35,Female,Single,No,IT,5,20500,10,9.76,1
E00588,EIYMRQXNWNR,38,Male,Single,No,IT,37,20500,6,13.042,3
E00589,MJMTJBHNQ,37,Female,Single,No,IT,7,20500,14,9.184,1
E00594,WMMKJSQIL,42,Female,Single,No,IT,11,20500,18,43.079,4
E00597,OQPQKAA,24,Female,Single,No,IT,7,20500,8,31.242,4
E00598,HORLPJHLQMM,23,Female,Single,No,IT,13,20500,20,31.295,4
E00601,IXEFCMJIK,43,Female,Single,No,IT,4,20500,5,2.538,4
E00610,OWVNBIGH,29,Female,Single,No,IT,6,20500,1,34.934,0
E00626,BKOETSLRIOF,39,Female,Single,No,IT,23,20500,2,35.691,0
E00632,VGOKJG,46,Male,Single,No,IT,5,20500,3,3.197,2
E00659,TDQWEHJFR,32,Female,Single,No,IT,1,20500,19,27.148,3
E00660,ADLHPEDF,49,Male,Married,No,IT,24,20500,9,8.087,1
E00664,KOJUC,32,Female,Single,No,IT,5,20500,4,44.879,2
E00673,XEOSLWS,37,Male,Single,No,IT,1,20500,18,45.155,3
E00682,VACPDONN,34,Female,Married,No,IT,6,20500,16,17.846,2
E00684,VCLWMVG,29,Female,Single,No,IT,14,20500,17,27.799,0
E00694,TWXQBTJU,29,Male,Married,No,IT,28,20500,13,14.439,2
E00695,AOQACXLWIU,34,Female,Single,No,IT,33,20500,10,3.304,0
E00696,NAEEZI,43,Female,Single,No,IT,6,20500,17,38.339,5
E00698,VOAWAA,20,Male,Married,No,IT,11,20500,14,36.656,5
E00711,CJQUSRKSHE,30,Male,Single,No,IT,5,20500,11,39.85,4
E00720,NYPJIC,50,Female,Married,No,IT,3,20500,8,11.384,0
E00740,CITJNI,25,Male,Single,No,IT,2,20500,6,46.215,5
E00751,OCTJAUXAXZ,22,Male,Single,No,IT,14,20500,2,11.975,5
E00754,DBZUCOJRD,24,Female,Single,No,IT,35,20500,1,36.259,0
E00757,UCJXFEKWGD,32,Male,Married,No,IT,34,20500,12,25.633,4
E00776,UMWLYXC,26,Female,Single,No,IT,8,20500,1,43.538,2
E00777,EQBHBELAMW,20,Female,Married,No,IT,13,20500,16,32.425,4
E00778,ZAJTVYLMXG,32,Female,Single,No,IT,16,20500,15,27.24,1
E00779,EPNRHRI,47,Male,Single,No,IT,4,20500,13,3.765,5
E00807,GJNACB,33,Male,Single,No,IT,12,20500,10,24.902,2
E00810,TOHPOOHKWQ,47,Female,Married,No,IT,8,20500,4,48.14,3
E00814,LQGYPW,48,Female,Married,No,IT,4,20500,9,43.869,3
E00829,PSFZZFMEDLBWJ,29,Female,Married,No,IT,3,20500,14,32.086,5
E00832,SEQRFPPAY,22,Female,Married,No,IT,16,20500,6,21.497,2
E00847,QYRUWFIPQY,21,Female,Single,No,IT,34,20500,19,45.404,5
E00862,NRHSXRE,49,Female,Married,No,IT,10,20500,6,38.214,0
E00872,BDXMX,20,Male,Single,No,IT,22,20500,5,48.542,2
E00884,JTOMRM,42,Female,Single,No,IT,18,20500,0,26.813,0
E00885,HGYDJI,26,Male,Single,No,IT,8,20500,7,4.439,2
E00900,ZGWLBNEGNM,31,Female,Single,No,IT,12,20500,0,2.976,5
E00901,VBGBXWINNGJK,34,Female,Single,No,IT,8,20500,13,39.158,4
E00920,XDYEITHGK,35,Female,Single,No,IT,17,20500,5,7.301,0
E00922,QOOIPNI,43,Female,Married,No,IT,29,20500,1,20.269,2
E00929,HKQWXRPJ,20,Female,Single,No,IT,11,20500,4,41.68,1
E00945,JVRMO,35,Female,Single,No,IT,26,20500,14,1.004,4
E00948,APLEJ,50,Female,Married,No,IT,23,20500,3,10.366,5
E00949,BFDMMFCQ,24,Male,Married,No,IT,28,20500,16,20.913,3
E00957,QXIIWVXIL,24,Male,Single,No,IT,14,20500,10,26.625,2
E00960,RNVBPL,39,Female,Single,No,IT,18,20500,8,42.84,5
E00964,MXTZFEPXGSUULF,38,Female,Married,No,IT,6,20500,19,14.122,5
E00976,OBRMWTURV,46,Female,Single,No,IT,9,20500,16,27.621,4
E00980,PEHYZSWDT,20,Male,Single,No,IT,25,20500,11,5.252,1
E0049,HALEUUQ,36,Male,Single,Yes,IT App Man,12,53000,3,12.197,4
E00105,MCNAEZCLSO,36,Female,Married,Yes,IT App Man,16,53000,2,35.138,5
E00111,BOAYGUS,20,Female,Married,Yes,IT App Man,6,53000,16,4.678,4
E00115,JVOADXQU,26,Female,Married,Yes,IT App Man,19,53000,19,43.705,0
E00171,RPGIZP,45,Female,Single,Yes,IT App Man,33,53000,18,37.877,4
E00172,DSTNXRJX,42,Female,Single,Yes,IT App Man,12,53000,13,49.436,3
E00272,BTLXFPV,24,Male,Single,Yes,IT App Man,6,53000,5,27.873,1
E00281,WMMLSX,47,Male,Single,Yes,IT App Man,27,53000,0,49.053,2
E00333,AQWUNXDKB,27,Female,Single,Yes,IT App Man,9,53000,20,32.82,5
E00383,WVEZIGNY,23,Male,Married,Yes,IT App Man,3,53000,14,47.495,4
E00492,PTRGWK,36,Female,Single,Yes,IT App Man,19,53000,12,41.598,3
E00506,WVKRGI,25,Male,Single,Yes,IT App Man,12,53000,2,9.625,4
E00512,BWPBKJ,23,Male,Single,Yes,IT App Man,2,53000,0,48.665,5
E00608,NGNDTCOSM,26,Female,Married,Yes,IT App Man,18,53000,5,40.487,3
E00672,TKMKUXWWANY,41,Female,Single,Yes,IT App Man,10,53000,10,32.531,2
E00677,TGLVB,23,Female,Married,Yes,IT App Man,14,53000,8,34.138,5
E00729,GNKPBLP,28,Female,Single,Yes,IT App Man,10,53000,3,17.813,1
E00794,LLTTEUBHKQN,30,Male,Married,Yes,IT App Man,6,53000,2,2.366,5
E00800,GEOEUC,49,Female,Single,Yes,IT App Man,3,53000,6,7.826,2
E00805,FMYUBGBLTK,21,Male,Married,Yes,IT App Man,12,53000,19,35.247,0
E00838,TSQWZVKLNR,46,Female,Single,Yes,IT App Man,10,53000,4,10.597,1
E00843,AEMOAXLID,24,Female,Single,Yes,IT App Man,5,53000,0,5.528,2
E00856,OQLUOLREDDRRD,20,Male,Single,Yes,IT App Man,15,53000,19,23.281,1
E00860,OUPOVUQ,45,Male,Married,Yes,IT App Man,3,53000,18,5.004,0
E00863,OEYIYGKX,25,Female,Single,Yes,IT App Man,12,53000,9,4.137,0
E00888,EMGIXHSWJUCP,28,Female,Married,Yes,IT App Man,4,53000,18,13.257,3
E00895,DQTKMAPRQPFOV,21,Male,Single,Yes,IT App Man,38,53000,19,29.103,2
E00903,BRXHFOM,42,Male,Single,Yes,IT App Man,18,53000,2,37.05,3
E00918,DMEYDNRUFY,31,Female,Married,Yes,IT App Man,5,53000,12,24.893,5
E00932,VMZEBALDIC,39,Female,Single,Yes,IT App Man,3,53000,8,30.506,3
E00946,RHLSUDKWDZ,49,Female,Single,Yes,IT App Man,4,53000,3,4.577,5
E00969,NDWNYCVHWX,41,Male,Single,Yes,IT App Man,3,53000,13,22.672,3
E00972,TXKICCDXOP,24,Female,Single,Yes,IT App Man,7,53000,7,32.433,0
E0044,MVDYTCYE,20,Female,Single,Yes,IT Manager,21,73500,0,39.267,5
E0088,JPXJNBMXV,42,Female,Married,Yes,IT Manager,9,73500,6,42.298,3
E0095,GJVNLMBFDZJ,30,Female,Single,Yes,IT Manager,17,73500,10,21.776,0
E00142,XMWIWCSFN,42,Female,Single,Yes,IT Manager,19,73500,3,23.319,4
E00167,FRNCGPFTLTIK,41,Female,Single,Yes,IT Manager,24,73500,17,26.246,1
E00178,OZPJSYX,28,Female,Married,Yes,IT Manager,3,73500,18,29.741,4
E00193,JCCJALEQRU,48,Female,Married,Yes,IT Manager,23,73500,6,3.863,3
E00199,WVVNKC,44,Female,Single,Yes,IT Manager,19,73500,9,47.17,1
E00242,VAPBSCOCOLBA,36,Female,Married,Yes,IT Manager,12,73500,12,38.338,0
E00245,NVKDYSOITW,44,Female,Single,Yes,IT Manager,2,73500,8,44.828,4
E00353,DGTAQT,31,Female,Married,Yes,IT Manager,11,73500,5,28.438,3
E00354,DJPRUZOKYM,49,Female,Married,Yes,IT Manager,8,73500,5,44.038,0
E00362,TFNUWWNJQAYY,26,Female,Married,Yes,IT Manager,20,73500,16,43.581,1
E00373,NYFTSXU,46,Female,Single,Yes,IT Manager,14,73500,13,19.543,1
E00410,MOZIMVSRAI,33,Female,Married,Yes,IT Manager,29,73500,1,9.454,1
E00430,UDMEUR,31,Male,Single,Yes,IT Manager,6,73500,14,9.418,5
E00444,OYRXNSVLQR,23,Male,Married,Yes,IT Manager,30,73500,2,17.834,0
E00522,NDTBYVYJ,30,Female,Single,Yes,IT Manager,24,73500,16,38.867,1
E00546,HDTZNZPZ,31,Female,Single,Yes,IT Manager,10,73500,20,1.692,5
E00583,KNWKI,32,Female,Married,Yes,IT Manager,17,73500,5,7.246,3
E00586,GUEDQXT,41,Male,Married,Yes,IT Manager,12,73500,10,36.86,0
E00623,CJWESKFM,34,Female,Single,Yes,IT Manager,3,73500,19,5.063,0
E00644,ZNSKZLB,41,Female,Married,Yes,IT Manager,5,73500,7,30.779,0
E00655,FEHRWZMU,41,Female,Married,Yes,IT Manager,20,73500,8,35.483,3
E00676,KMYNLICGEVSWU,24,Female,Single,Yes,IT Manager,11,73500,8,24.525,5
E00709,GHYYLIKHOXJO,46,Female,Married,Yes,IT Manager,23,73500,5,9.011,0
E00737,KPKBJYVXK,45,Female,Single,Yes,IT Manager,8,73500,6,45.125,5
E00769,VKBMFSGYWWYUIY,30,Female,Single,Yes,IT Manager,7,73500,17,24.195,0
E00892,YAJJKAWRJVFI,36,Male,Single,Yes,IT Manager,28,73500,0,1.029,3
E00926,OQGYUHBMPS,22,Male,Married,Yes,IT Manager,29,73500,5,19.116,2
E0022,MQDPSSX,41,Male,Married,No,IT Officer - Intern,15,25400,18,38.087,4
E0030,HOAXUYQ,27,Female,Single,No,IT Officer - Intern,8,25400,12,15.82,0
E0031,FADUTEZJYD,28,Female,Single,No,IT Officer - Intern,4,25400,6,41.602,5
E0033,SIJVLH,49,Female,Single,No,IT Officer - Intern,1,25400,7,34.438,1
E0036,JGIOMOJ,29,Female,Single,No,IT Officer - Intern,1,25400,12,30.358,0
E0045,XEJKJUDFK,26,Female,Married,No,IT Officer - Intern,11,25400,13,25.864,0
E0063,KVXDN,48,Female,Single,No,IT Officer - Intern,31,25400,16,20.473,1
E0077,THAVMWQVJCSU,21,Female,Single,No,IT Officer - Intern,12,25400,14,33.069,4
E0092,ZQRBOWYTOWUY,31,Male,Single,No,IT Officer - Intern,10,25400,1,2.609,1
E0098,NBZAOCU,38,Male,Single,No,IT Officer - Intern,6,25400,10,34.666,0
E0099,CRVCIDEPLZ,46,Female,Married,No,IT Officer - Intern,15,25400,1,13.718,5
E00110,UKGEXYRXN,37,Male,Single,No,IT Officer - Intern,19,25400,15,2.498,4
E00169,PLSHDBO,45,Male,Single,No,IT Officer - Intern,7,25400,19,4.132,3
E00198,JQUEPGWJ,45,Male,Single,No,IT Officer - Intern,20,25400,4,39.322,0
E00201,ZQOYJCN,36,Female,Single,No,IT Officer - Intern,20,25400,18,45.882,1
E00206,SQUGBCAYA,47,Female,Single,No,IT Officer - Intern,19,25400,12,11.797,4
E00211,KNTWMWJCW,23,Male,Single,No,IT Officer - Intern,3,25400,14,32.967,4
E00224,MXEAWXUQ,24,Female,Married,No,IT Officer - Intern,15,25400,11,11.288,3
E00226,VUFAKNB,23,Male,Married,No,IT Officer - Intern,6,25400,1,20.142,3
E00231,NSBWNT,45,Female,Single,No,IT Officer - Intern,11,25400,5,11.453,2
E00233,LCJYG,37,Male,Single,No,IT Officer - Intern,1,25400,10,41.582,1
E00234,KDPCAFHG,36,Female,Single,No,IT Officer - Intern,19,25400,7,19.072,5
E00236,LTBUCLTTD,22,Female,Single,No,IT Officer - Intern,4,25400,14,20.66,5
E00237,UGEHDJGKV,37,Female,Single,No,IT Officer - Intern,10,25400,19,24.705,2
E00243,JCCFNVICLVLV,47,Female,Married,No,IT Officer - Intern,38,25400,17,33.18,1
E00248,KDRBQPUJY,33,Female,Single,No,IT Officer - Intern,8,25400,4,29.852,2
E00254,PVLFTRQ,26,Female,Married,No,IT Officer - Intern,10,25400,0,28.346,4
E00256,GKTKMHUFL,27,Male,Married,No,IT Officer - Intern,30,25400,9,49.202,3
E00270,TIQABLRP,32,Male,Single,No,IT Officer - Intern,20,25400,13,25.905,3
E00275,JAKYAS,44,Female,Single,No,IT Officer - Intern,12,25400,10,26.733,0
E00276,EZFKNTGQ,39,Female,Single,No,IT Officer - Intern,14,25400,15,21.111,4
E00279,XURETBMB,25,Female,Single,No,IT Officer - Intern,2,25400,7,3.669,0
E00284,FPUBSWVV,39,Female,Married,No,IT Officer - Intern,5,25400,8,14.77,2
E00313,RBSPPLL,45,Female,Single,No,IT Officer - Intern,5,25400,10,2.534,4
E00321,XNOMJI,37,Male,Married,No,IT Officer - Intern,2,25400,17,49.571,5
E00325,FGETEHCMVR,49,Female,Married,No,IT Officer - Intern,11,25400,7,20.083,5
E00327,RRUETXGCOKW,26,Male,Single,No,IT Officer - Intern,19,25400,3,32.368,3
E00338,FOHNLVL,44,Female,Married,No,IT Officer - Intern,25,25400,13,22.646,1
E00345,ZNINDATFXR,29,Male,Single,No,IT Officer - Intern,3,25400,18,19.091,4
E00358,RLLEGYE,22,Female,Married,No,IT Officer - Intern,4,25400,4,48.935,4
E00370,SBWRAJMYVKF,38,Female,Married,No,IT Officer - Intern,13,25400,6,18.884,4
E00375,KYWCFYNTIR,23,Female,Single,No,IT Officer - Intern,14,25400,14,26.094,4
E00390,JIWHDEMMTY,22,Male,Married,No,IT Officer - Intern,2,25400,17,21.595,3
E00394,VOQQKMQXVPT,39,Male,Single,No,IT Officer - Intern,13,25400,18,37.657,1
E00399,HEAWEC,49,Male,Single,No,IT Officer - Intern,2,25400,14,35.058,4
E00403,HFHEUUJ,40,Female,Married,No,IT Officer - Intern,13,25400,20,45.669,2
E00421,AVROSDXZVB,34,Female,Married,No,IT Officer - Intern,7,25400,15,2.454,1
E00427,WLLFDWPVIY,35,Female,Married,No,IT Officer - Intern,3,25400,20,3.26,1
E00434,AZJSID,49,Female,Married,No,IT Officer - Intern,17,25400,12,19.296,0
E00441,KFGFPZCI,36,Female,Single,No,IT Officer - Intern,17,25400,13,23.523,1
E00443,BSNMHYS,41,Male,Single,No,IT Officer - Intern,6,25400,1,35.666,5
E00449,YMTWZM,50,Female,Single,No,IT Officer - Intern,19,25400,20,8.739,3
E00456,HYKJKDKZWBSGK,45,Female,Married,No,IT Officer - Intern,19,25400,5,40.435,1
E00463,EWPQNWA,24,Female,Married,No,IT Officer - Intern,9,25400,9,23.474,1
E00471,RKBXLOHC,26,Female,Single,No,IT Officer - Intern,20,25400,4,4.67,3
E00472,KHHNKPQEDE,40,Male,Single,No,IT Officer - Intern,30,25400,11,30.968,0
E00521,EOTCRZZTD,48,Female,Single,No,IT Officer - Intern,13,25400,13,20.468,3
E00524,SDDXWHP,30,Female,Married,No,IT Officer - Intern,14,25400,18,4.624,1
E00525,AYKHBI,27,Male,Single,No,IT Officer - Intern,10,25400,5,35.25,5
E00532,JNJDUK,43,Female,Single,No,IT Officer - Intern,12,25400,12,23.884,4
E00539,RHKNCVXHXFZAH,25,Female,Single,No,IT Officer - Intern,5,25400,18,45.974,5
E00567,NJVXAYWWYCCG,41,Male,Single,No,IT Officer - Intern,15,25400,7,17.047,1
E00585,FYKLLCTHSKJPGUQ,24,Female,Married,No,IT Officer - Intern,20,25400,1,26.559,2
E00602,GXZSNDMPFC,25,Female,Single,No,IT Officer - Intern,5,25400,4,44.212,1
E00606,POESHS,29,Female,Single,No,IT Officer - Intern,4,25400,14,8.581,0
E00607,GPTZIHXF,35,Male,Single,No,IT Officer - Intern,1,25400,13,11.856,2
E00617,QAXFAQS,41,Female,Single,No,IT Officer - Intern,27,25400,11,47.185,5
E00620,IQEQLMXXMTV,30,Male,Married,No,IT Officer - Intern,27,25400,18,4.6,2
E00621,HKHRCHRE,36,Male,Single,No,IT Officer - Intern,1,25400,1,12.279,5
E00625,LEWEOICCI,30,Female,Married,No,IT Officer - Intern,4,25400,3,23.738,2
E00631,YSMJUCVYAFJW,30,Female,Single,No,IT Officer - Intern,7,25400,4,45.565,3
E00640,HJOTDZSBL,44,Female,Single,No,IT Officer - Intern,16,25400,0,49.684,4
E00647,KBNLEKQA,22,Female,Single,No,IT Officer - Intern,1,25400,13,3.297,1
E00649,GDNUJVHPXJW,48,Female,Married,No,IT Officer - Intern,12,25400,6,14.897,5
E00680,EMUCKPPRJA,23,Female,Married,No,IT Officer - Intern,4,25400,16,22.009,4
E00691,PUWUK,44,Male,Married,No,IT Officer - Intern,2,25400,18,15.741,3
E00703,LBYQCPIL,25,Female,Married,No,IT Officer - Intern,27,25400,4,1.376,0
E00713,AMVFPHE,27,Male,Single,No,IT Officer - Intern,9,25400,4,24.278,3
E00717,LMHZNTE,40,Female,Married,No,IT Officer - Intern,4,25400,13,31.921,3
E00746,DLQPYCSYEE,35,Male,Single,No,IT Officer - Intern,1,25400,18,13.094,4
E00761,CRFVVYIMULU,37,Female,Single,No,IT Officer - Intern,29,25400,11,1.996,2
E00762,HOIWTVDBD,43,Male,Single,No,IT Officer - Intern,34,25400,12,35.018,4
E00768,INWFZMI,36,Male,Single,No,IT Officer - Intern,12,25400,13,36.975,3
E00774,QGVAPLYHLHT,29,Male,Single,No,IT Officer - Intern,5,25400,8,7.564,0
E00792,JSXUUSXLY,20,Male,Single,No,IT Officer - Intern,2,25400,13,24.802,3
E00797,TDOMWYQJN,43,Female,Married,No,IT Officer - Intern,17,25400,1,43.656,5
E00801,TMLWVNOUG,41,Male,Single,No,IT Officer - Intern,23,25400,20,8.352,3
E00817,ETYBAK,27,Male,Married,No,IT Officer - Intern,3,25400,10,15.483,3
E00818,NEDOKY,27,Female,Single,No,IT Officer - Intern,2,25400,17,28.684,2
E00820,WWJVHWPEBDMO,43,Male,Married,No,IT Officer - Intern,28,25400,10,20.457,3
E00826,WROQRWWTFHXMP,23,Female,Single,No,IT Officer - Intern,6,25400,18,12.215,2
E00845,MOPNLICZFJY,37,Male,Single,No,IT Officer - Intern,24,25400,4,9.533,3
E00857,FTGLPHA,36,Female,Single,No,IT Officer - Intern,7,25400,4,42.642,2
E00875,HJWJYGI,24,Male,Single,No,IT Officer - Intern,4,25400,18,8.854,2
E00877,VTYRWKTRDZ,38,Female,Single,No,IT Officer - Intern,34,25400,9,31.795,0
E00880,GAUQBKCAW,25,Female,Married,No,IT Officer - Intern,11,25400,6,44.994,5
E00934,FKOLBHOSND,36,Female,Single,No,IT Officer - Intern,16,25400,0,27.221,3
E00940,KOPJRNAIJ,47,Female,Married,No,IT Officer - Intern,6,25400,8,34.062,1
E00963,EBYRAXFHNQF,36,Male,Single,No,IT Officer - Intern,2,25400,5,33.48,4
E00965,FPQTZTTGN,39,Male,Married,No,IT Officer - Intern,21,25400,9,47.117,0
E00967,KOKNGRBA,28,Female,Married,No,IT Officer - Intern,14,25400,14,21.01,1
E00974,RWOXLKVSWWL,40,Female,Married,No,IT Officer - Intern,2,25400,15,5.995,3
E00977,ATNDRLZ,30,Female,Single,No,IT Officer - Intern,7,25400,17,28.74,4
E00984,YVZXNGZF,21,Female,Single,No,IT Officer - Intern,24,25400,2,19.685,5
E00996,KANFUOWW,23,Female,Married,No,IT Officer - Intern,2,25400,9,32.614,3
E0023,CTEVMTZZ,50,Female,Married,Yes,IT Project Leader,6,78300,0,49.448,1
E0058,UGDWCDPEON,48,Female,Single,Yes,IT Project Leader,4,78300,12,1.658,1
E0065,IPYTBRUETEL,33,Female,Single,Yes,IT Project Leader,8,78300,19,22.502,3
E0075,IYBNNSNNMILV,44,Female,Single,Yes,IT Project Leader,2,78300,10,22.417,3
E00112,HFLGWNMMJYL,43,Male,Single,Yes,IT Project Leader,1,78300,20,31.533,3
E00118,GQXLELL,26,Female,Married,Yes,IT Project Leader,4,78300,17,27.712,0
E00120,AIXPJAHVG,25,Female,Single,Yes,IT Project Leader,5,78300,15,17.795,3
E00129,TYWUNLD,41,Female,Married,Yes,IT Project Leader,9,78300,10,47.761,0
E00131,NZMBPE,34,Female,Single,Yes,IT Project Leader,21,78300,15,37.012,3
E00141,MWGALFVWBJ,22,Female,Single,Yes,IT Project Leader,8,78300,4,45.211,4
E00144,SWIVJQ,31,Male,Single,Yes,IT Project Leader,4,78300,6,42.139,2
E00148,ALIJLSBS,39,Female,Single,Yes,IT Project Leader,11,78300,9,49.801,0
E00155,CYBCVPDEOVAFM,21,Female,Married,Yes,IT Project Leader,11,78300,20,17.282,4
E00164,USFJEGR,39,Male,Married,Yes,IT Project Leader,1,78300,18,14.076,3
E00168,XAXKYHMFNY,35,Female,Married,Yes,IT Project Leader,10,78300,1,32.82,3
E00179,EKVHXRHS,22,Female,Single,Yes,IT Project Leader,32,78300,6,26.042,3
E00191,IDXRRPIY,23,Female,Married,Yes,IT Project Leader,18,78300,3,34.265,3
E00209,ZGDQNNKOZH,48,Female,Single,Yes,IT Project Leader,13,78300,19,45.146,1
E00241,LKVHS,30,Female,Married,Yes,IT Project Leader,14,78300,15,48.855,0
E00262,OBWQRZEQ,45,Male,Single,Yes,IT Project Leader,1,78300,15,13.902,0
E00267,QINBM,30,Male,Single,Yes,IT Project Leader,17,78300,11,6.571,4
E00278,HIPVUDOKYXU,44,Female,Single,Yes,IT Project Leader,3,78300,0,48.078,2
E00319,BPVTIGDL,22,Male,Single,Yes,IT Project Leader,35,78300,2,24.153,1
E00352,HVVOREDRBK,44,Female,Single,Yes,IT Project Leader,24,78300,12,16.665,1
E00482,FTETAR,49,Female,Single,Yes,IT Project Leader,36,78300,13,45.923,0
E00517,ACPROYSUA,34,Female,Single,Yes,IT Project Leader,18,78300,13,18.805,5
E00529,MFJVFEHTZBDN,39,Female,Single,Yes,IT Project Leader,25,78300,19,29.94,2
E00534,DBICJKZA,43,Male,Single,Yes,IT Project Leader,4,78300,7,40.643,3
E00582,QOTLLRZY,20,Male,Married,Yes,IT Project Leader,8,78300,13,4.145,4
E00604,NIHERBOKMHF,46,Female,Married,Yes,IT Project Leader,1,78300,2,7.502,2
E00652,TDGLGZ,21,Female,Married,Yes,IT Project Leader,18,78300,12,3.255,0
E00700,LNVBQKAJGPO,31,Female,Married,Yes,IT Project Leader,1,78300,20,8.638,3
E00715,PWLTXSNGBHI,26,Female,Single,Yes,IT Project Leader,39,78300,6,5.401,1
E00783,SWGDVMMCVXVLAGBZ,38,Male,Single,Yes,IT Project Leader,22,78300,19,22.012,2
E00811,UNSMHAA,44,Female,Single,Yes,IT Project Leader,41,78300,3,36.685,0
E00822,TUHKKZ,39,Male,Single,Yes,IT Project Leader,2,78300,8,15.584,4
E00874,GGYUYK,22,Female,Single,Yes,IT Project Leader,28,78300,14,42.764,5
E00985,SUQIHMJJ,28,Male,Single,Yes,IT Project Leader,4,78300,10,47.962,0
E004,FWTJXKNL,24,Female,Single,No,IT Trainee,22,20500,7,47.164,3
E005,HWANVNBEG,42,Male,Single,No,IT Trainee,27,20500,4,33.702,1
E0014,TOLHGE,49,Female,Single,No,IT Trainee,4,20500,14,43.611,5
E0035,TJFLHXCBZ,49,Female,Single,No,IT Trainee,3,20500,8,30.094,2
E0048,ZWZIIOIYTKGE,32,Male,Single,No,IT Trainee,9,20500,4,37.635,2
E0052,JPSCRPLRD,45,Female,Single,No,IT Trainee,26,20500,6,41.738,1
E0076,LXHBBKLFK,25,Male,Single,No,IT Trainee,15,20500,15,33.995,4
E0085,UWXFWXX,26,Female,Married,No,IT Trainee,36,20500,15,40.065,4
E0090,QPVPKZLP,47,Male,Married,No,IT Trainee,17,20500,6,1.399,1
E0093,TNLBIL,25,Female,Single,No,IT Trainee,5,20500,18,42.671,0
E0094,RTJVOSAO,41,Male,Married,No,IT Trainee,2,20500,19,33.077,4
E0097,DYCOILBJW,48,Female,Single,No,IT Trainee,12,20500,10,30.077,4
E00101,SVHAACFEZXP,50,Female,Single,No,IT Trainee,29,20500,4,42.973,2
E00126,HZCYBHRDM,44,Female,Married,No,IT Trainee,25,20500,8,26.795,1
E00130,IACCYS,34,Female,Married,No,IT Trainee,6,20500,4,47.825,2
E00133,PSWCGHHAEFUV,42,Male,Married,No,IT Trainee,19,20500,2,23.236,0
E00140,BFQEQTSQN,22,Female,Single,No,IT Trainee,6,20500,13,22.829,1
E00145,VBBUZZE,50,Female,Single,No,IT Trainee,5,20500,17,18.316,4
E00150,NHQGHFV,39,Female,Single,No,IT Trainee,4,20500,0,6.22,5
E00153,XARWHT,45,Female,Single,No,IT Trainee,26,20500,0,11.388,4
E00158,SZTSSWVFC,32,Female,Single,No,IT Trainee,34,20500,2,49.192,3
E00162,KTUUAKZEUOUP,23,Female,Single,No,IT Trainee,1,20500,16,32.005,4
E00175,XMHOQFVIXW,38,Male,Married,No,IT Trainee,9,20500,18,12.127,4
E00187,QWXACYOOJM,25,Male,Single,No,IT Trainee,22,20500,2,13.604,1
E00188,TNNTZAPXF,42,Female,Single,No,IT Trainee,12,20500,11,4.616,2
E00204,OWBQJNBLDP,33,Female,Single,No,IT Trainee,16,20500,4,8.407,1
E00208,KQDIRDPP,29,Male,Single,No,IT Trainee,7,20500,14,33.69,1
E00210,DQSTTHZYENY,40,Female,Single,No,IT Trainee,7,20500,17,49.831,0
E00215,JRYDIFZD,22,Female,Married,No,IT Trainee,8,20500,1,18.635,0
E00222,ZWSHWK,35,Female,Married,No,IT Trainee,1,20500,6,43.446,4
E00264,BEMWJBY,39,Female,Single,No,IT Trainee,16,20500,6,15.125,5
E00277,QICALYWDAG,22,Male,Married,No,IT Trainee,3,20500,16,19.874,5
E00291,PURRNHGLTH,32,Female,Married,No,IT Trainee,12,20500,6,3.759,2
E00298,XYEFZDDI,30,Male,Single,No,IT Trainee,7,20500,13,43.809,4
E00306,GQHGRC,41,Female,Single,No,IT Trainee,7,20500,15,19.397,0
E00328,RRXXXGNIZ,26,Male,Married,No,IT Trainee,14,20500,0,22.815,3
E00336,XJQTXZPVP,39,Male,Single,No,IT Trainee,5,20500,4,27.504,1
E00341,VFAAKUQQO,32,Male,Married,No,IT Trainee,26,20500,4,39.254,3
E00371,HGIDQRHZEVCF,42,Male,Single,No,IT Trainee,26,20500,16,28.114,0
E00377,OZUDZMMCIK,41,Male,Single,No,IT Trainee,1,20500,9,21.92,4
E00384,HDETQOHEYNM,26,Female,Single,No,IT Trainee,9,20500,2,49.148,0
E00388,LYMVRDXV,22,Male,Single,No,IT Trainee,10,20500,5,44.965,2
E00389,HJLDODR,30,Female,Single,No,IT Trainee,15,20500,4,47.142,2
E00391,WKKMJ,26,Female,Married,No,IT Trainee,17,20500,1,11.181,4
E00416,PISZRO,39,Female,Single,No,IT Trainee,5,20500,17,28.696,0
E00422,TISQUPPBPS,34,Female,Single,No,IT Trainee,44,20500,15,47.856,1
E00433,NHQAGFIYJ,28,Female,Single,No,IT Trainee,4,20500,15,45.929,2
E00439,ZBFLDWW,25,Female,Married,No,IT Trainee,10,20500,10,48.92,2
E00440,TGHUALHBK,34,Female,Married,No,IT Trainee,4,20500,19,17.514,4
E00452,NEDFL,31,Female,Single,No,IT Trainee,10,20500,2,2.592,3
E00461,NIDYFXC,20,Female,Single,No,IT Trainee,6,20500,19,4.332,5
E00469,SMMOSSB,23,Female,Married,No,IT Trainee,23,20500,8,9.885,1
E00477,XESNPMU,20,Male,Single,No,IT Trainee,10,20500,8,42.234,3
E00479,ARCEPBK,25,Female,Single,No,IT Trainee,15,20500,9,14.188,5
E00481,UUOZZY,26,Male,Single,No,IT Trainee,1,20500,16,21.377,3
E00489,FHIEFNL,24,Female,Married,No,IT Trainee,13,20500,14,5.547,1
E00494,JZCEYHKMBF,30,Male,Married,No,IT Trainee,3,20500,16,30.881,5
E00498,LIGERRBR,22,Male,Single,No,IT Trainee,5,20500,8,43.232,2
E00499,EJYNZPH,38,Female,Single,No,IT Trainee,12,20500,15,29.869,2
E00509,LIWELLAZ,26,Female,Single,No,IT Trainee,19,20500,8,42.237,2
E00519,IFLOEDAO,45,Female,Single,No,IT Trainee,11,20500,12,35.033,4
E00527,ZTQZPBDPF,24,Female,Single,No,IT Trainee,5,20500,1,15.595,2
E00533,MANJMWKG,49,Female,Single,No,IT Trainee,24,20500,14,49.36,2
E00536,EYDGDBG,28,Female,Married,No,IT Trainee,10,20500,6,9.635,3
E00543,XMSKDMGTMFP,45,Female,Single,No,IT Trainee,15,20500,20,18.741,3
E00552,FOEOZB,32,Male,Single,No,IT Trainee,2,20500,0,37.036,0
E00559,DOAGVDIV,33,Female,Single,No,IT Trainee,5,20500,20,28.804,1
E00574,CSXJHB,49,Female,Married,No,IT Trainee,2,20500,15,9.66,5
E00593,UWHYULTK,23,Female,Married,No,IT Trainee,33,20500,2,42.343,5
E00599,YGYBMBURY,33,Female,Married,No,IT Trainee,8,20500,10,9.739,4
E00600,UJXWKTAV,50,Female,Single,No,IT Trainee,8,20500,4,41.427,2
E00603,URQXJHKVUO,30,Male,Single,No,IT Trainee,3,20500,6,28.642,5
E00605,FQPDQEBO,21,Male,Single,No,IT Trainee,1,20500,7,1.384,4
E00614,JWZPLS,48,Male,Single,No,IT Trainee,16,20500,20,28.341,4
E00628,LQFBRPLCNV,43,Male,Single,No,IT Trainee,1,20500,1,48.256,1
E00635,TZLWBPHFXTOGRG,35,Female,Single,No,IT Trainee,31,20500,7,38.208,4
E00638,WYXHNZSJUKG,46,Female,Single,No,IT Trainee,14,20500,1,9.988,4
E00639,GBTCSOLJXO,50,Female,Married,No,IT Trainee,20,20500,16,41.899,4
E00653,IZFGQHBDQJOKL,22,Female,Married,No,IT Trainee,30,20500,3,7.111,2
E00657,QANWBYPEW,22,Female,Single,No,IT Trainee,23,20500,20,47.971,1
E00658,UNLHSAXK,36,Female,Single,No,IT Trainee,14,20500,13,5.468,4
E00670,MROXYT,25,Male,Single,No,IT Trainee,7,20500,19,7.76,4
E00683,GVSIDCUM,23,Female,Single,No,IT Trainee,4,20500,16,2.124,0
E00701,GTWSJPE,47,Male,Single,No,IT Trainee,21,20500,6,12.257,0
E00705,JZFRQSGYVIJ,40,Female,Married,No,IT Trainee,24,20500,5,3.938,5
E00707,BIYKDA,46,Female,Single,No,IT Trainee,10,20500,11,1.867,1
E00710,DYIGFG,42,Female,Single,No,IT Trainee,11,20500,7,39.913,4
E00726,UXOMOL,23,Male,Single,No,IT Trainee,17,20500,0,33.049,1
E00733,XPTMZYVE,23,Male,Single,No,IT Trainee,27,20500,11,17.987,0
E00755,YGZAILM,40,Female,Single,No,IT Trainee,9,20500,15,8.612,2
E00758,UASXCW,46,Male,Single,No,IT Trainee,27,20500,6,5.984,3
E00760,JCQBSFXLDGXZ,35,Female,Single,No,IT Trainee,8,20500,7,36.342,0
E00784,YUSZOVDNTXFY,37,Female,Married,No,IT Trainee,7,20500,14,6.985,2
E00787,NWWZLLA,29,Male,Single,No,IT Trainee,3,20500,6,13.292,3
E00819,MNDYSEFB,50,Female,Single,No,IT Trainee,13,20500,20,34.96,1
E00821,SLIPMF,28,Female,Single,No,IT Trainee,3,20500,6,38.609,1
E00824,JZUFMDF,44,Female,Single,No,IT Trainee,8,20500,20,26.72,1
E00870,SYHXXVZ,35,Female,Single,No,IT Trainee,15,20500,15,23.375,2
E00871,HLZCWSDBT,28,Male,Married,No,IT Trainee,13,20500,16,8.311,1
E00879,ZUZVYYOLZ,38,Female,Single,No,IT Trainee,25,20500,18,16.018,0
E00898,OSEVSNZG,43,Male,Single,No,IT Trainee,1,20500,1,47.484,1
E00905,WBTPE,35,Female,Married,No,IT Trainee,25,20500,10,13.537,3
E00908,BZZZDTOERV,47,Female,Single,No,IT Trainee,3,20500,19,40.774,0
E00924,REPOVIMHIWLYQDS,29,Male,Single,No,IT Trainee,1,20500,17,5.604,1
E00925,VZIQAHBLFW,38,Male,Single,No,IT Trainee,21,20500,8,14.051,5
E00955,TBLVPGE,37,Female,Married,No,IT Trainee,3,20500,4,27.028,5
E00987,BBFFLF,46,Male,Single,No,IT Trainee,4,20500,2,7.341,0
E00993,FFYWGTIM,45,Male,Single,No,IT Trainee,2,20500,14,36.139,2
E00999,RBGSRYMV,36,Female,Single,No,IT Trainee,30,20500,0,6.173,1
E0056,YWMNUGAYLLXV,29,Female,Single,Yes,QA Mananger,10,82600,13,11.207,2
E0068,GFCALVX,22,Female,Married,Yes,QA Mananger,8,82600,0,44.896,2
E0084,LTLHFYWPBBN,45,Female,Married,Yes,QA Mananger,16,82600,12,49.68,0
E0086,MAFIQMCHKQY,34,Male,Single,Yes,QA Mananger,7,82600,4,29.976,3
E00116,IRQVUWI,41,Female,Single,Yes,QA Mananger,3,82600,2,48.326,1
E00186,UVTVTVM,39,Female,Single,Yes,QA Mananger,5,82600,16,33.799,0
E00207,SLGXSPVM,49,Male,Married,Yes,QA Mananger,19,82600,1,46.999,4
E00223,DIDERNVL,37,Female,Single,Yes,QA Mananger,1,82600,20,45.522,1
E00225,SZSDCGD,25,Female,Single,Yes,QA Mananger,27,82600,3,30.86,5
E00244,HEIIQDDFRTCEY,44,Male,Single,Yes,QA Mananger,8,82600,16,44.54,2
E00396,TTCKMD,50,Male,Single,Yes,QA Mananger,3,82600,4,37.585,0
E00423,IYMGCEKSL,41,Female,Married,Yes,QA Mananger,6,82600,11,19.544,3
E00431,OIMYBDSFFLXV,21,Female,Married,Yes,QA Mananger,10,82600,20,1.342,2
E00473,IMISFXYUO,40,Male,Single,Yes,QA Mananger,25,82600,20,17.839,4
E00505,TCSOXMJVNBXIT,35,Female,Married,Yes,QA Mananger,3,82600,1,42.815,3
E00523,GKAXKHRZM,21,Male,Single,Yes,QA Mananger,9,82600,0,24.869,3
E00642,QVBIMIJV,45,Female,Single,Yes,QA Mananger,39,82600,18,22.165,1
E00662,DVXUMS,38,Female,Single,Yes,QA Mananger,22,82600,13,33.568,1
E00734,VNFWCBJDTFW,21,Male,Married,Yes,QA Mananger,25,82600,2,22.012,5
E00748,ATMENS,50,Female,Married,Yes,QA Mananger,4,82600,8,20.677,5
E00773,ICIQYKHB,50,Female,Single,Yes,QA Mananger,12,82600,14,47.193,3
E00837,BGXGKW,32,Male,Single,Yes,QA Mananger,7,82600,6,12.141,2
E00891,IJGFHILIKGKF,29,Female,Single,Yes,QA Mananger,11,82600,9,6.098,3
E00894,IVNGZLL,37,Male,Married,Yes,QA Mananger,23,82600,2,38.749,5
E00906,YKKBQBGUOF,33,Male,Single,Yes,QA Mananger,16,82600,1,25.073,4
E00915,BFHOHSSHUA,38,Female,Single,Yes,QA Mananger,1,82600,5,32.818,4
E00951,JORZZBRY,39,Male,Single,Yes,QA Mananger,4,82600,12,1.618,1
E00970,RJDRXKSUGI,22,Female,Single,Yes,QA Mananger,1,82600,1,47.552,0
E006,BCKNQATISKKH,42,Female,Single,Yes,Software Architecturer,25,80400,1,4.208,0
E0016,HDZUYSVXALMP,37,Male,Single,Yes,Software Architecturer,2,80400,0,46.862,3
E0017,QUMJCOTY,49,Female,Married,Yes,Software Architecturer,19,80400,11,30.687,5
E0047,FYTMQGIVJ,26,Female,Married,Yes,Software Architecturer,9,80400,16,27.204,1
E0079,CRRFPHOOTTPDOAWLX,32,Male,Married,Yes,Software Architecturer,1,80400,20,37.194,3
E00122,JXYXDKYP,31,Female,Single,Yes,Software Architecturer,21,80400,11,12.4,3
E00163,TPRRSPSSH,27,Female,Single,Yes,Software Architecturer,8,80400,10,20.942,4
E00181,NVCOBCX,49,Female,Single,Yes,Software Architecturer,7,80400,15,40.315,2
E00219,KYJXGWDTFJJ,25,Female,Single,Yes,Software Architecturer,5,80400,9,22.477,5
E00238,SXTOUCBPFHOV,25,Male,Single,Yes,Software Architecturer,2,80400,17,1.371,5
E00251,ZUGEWNYJKKX,26,Female,Single,Yes,Software Architecturer,6,80400,1,34.845,5
E00257,GPWCCUUBT,37,Male,Married,Yes,Software Architecturer,8,80400,6,6.563,4
E00263,AUWQITWFPPV,45,Female,Married,Yes,Software Architecturer,15,80400,6,12.149,1
E00271,JKCNZAEEZRXRFF,27,Male,Single,Yes,Software Architecturer,8,80400,11,38.361,0
E00302,OGNWTMQW,22,Male,Single,Yes,Software Architecturer,2,80400,1,34.222,3
E00331,ZAJTMVHE,39,Female,Single,Yes,Software Architecturer,15,80400,9,41.596,1
E00349,ODWRMSQNNO,36,Female,Single,Yes,Software Architecturer,16,80400,17,15.8,3
E00357,RMAHAYGBL,46,Female,Single,Yes,Software Architecturer,16,80400,12,46.041,5
E00400,XESKA,28,Male,Single,Yes,Software Architecturer,33,80400,10,34.369,0
E00418,PSSVWATWK,25,Male,Married,Yes,Software Architecturer,15,80400,19,7.49,0
E00485,WEGIMAX,32,Male,Single,Yes,Software Architecturer,16,80400,6,7.066,1
E00486,IPGXYBQKM,28,Female,Single,Yes,Software Architecturer,4,80400,8,22.561,5
E00488,UPENOA,50,Female,Single,Yes,Software Architecturer,19,80400,15,10.688,4
E00508,TAAHC,31,Male,Single,Yes,Software Architecturer,16,80400,13,7.808,3
E00547,KKCQRPJG,42,Female,Married,Yes,Software Architecturer,6,80400,17,46.281,4
E00561,YWUBOAU,32,Male,Single,Yes,Software Architecturer,2,80400,7,17.252,3
E00689,TDADMIO,45,Female,Single,Yes,Software Architecturer,3,80400,10,45.181,0
E00727,HLPDAVFN,43,Female,Single,Yes,Software Architecturer,4,80400,19,23.529,4
E00728,TTTYDYSGUFD,20,Female,Married,Yes,Software Architecturer,2,80400,3,17.246,0
E00745,FBSVMDP,25,Male,Single,Yes,Software Architecturer,31,80400,16,37.354,3
E00759,PRRQDYEQPPJ,48,Female,Single,Yes,Software Architecturer,12,80400,16,17.006,2
E00767,IXGCXGMQ,20,Female,Single,Yes,Software Architecturer,2,80400,14,40.304,0
E00887,PWGALGEMTJNP,30,Female,Single,Yes,Software Architecturer,2,80400,10,27,5
E00896,RIJIUYFVK,24,Female,Married,Yes,Software Architecturer,3,80400,0,43.257,2
E00897,GANVDUONTB,26,Male,Single,Yes,Software Architecturer,23,80400,17,47.765,4
E00982,CXFNIIT,21,Male,Married,Yes,Software Architecturer,14,80400,13,48.714,4
E0026,SHFXB,36,Female,Married,Yes,Software Engineer,24,88550,5,8.842,0
E0067,CFWOSMCCO,20,Female,Single,Yes,Software Engineer,9,88550,20,2.932,1
E0070,QPBTZQJZT,29,Female,Single,Yes,Software Engineer,11,88550,12,49.627,2
E00109,YPQDY,20,Male,Married,Yes,Software Engineer,8,88550,2,25.42,5
E00135,PPBUXRS,22,Female,Single,Yes,Software Engineer,3,88550,3,11.586,1
E00136,RCYZHSEN,44,Male,Single,Yes,Software Engineer,5,88550,4,11.33,5
E00152,XHYZKX,25,Female,Single,Yes,Software Engineer,8,88550,4,16.354,2
E00195,NIJMVMQPDYA,25,Male,Married,Yes,Software Engineer,1,88550,20,37.51,1
E00342,RMJGAKXNEBPO,21,Male,Married,Yes,Software Engineer,6,88550,20,44.401,3
E00368,EWNTCE,49,Male,Married,Yes,Software Engineer,30,88550,3,25.624,5
E00392,XKUPXVIU,26,Female,Married,Yes,Software Engineer,12,88550,15,38.728,4
E00460,MPPKNLWL,50,Male,Married,Yes,Software Engineer,3,88550,6,30.615,4
E00493,OBIMWSISJML,32,Female,Married,Yes,Software Engineer,1,88550,16,23.888,0
E00530,EGZLQKLYW,46,Female,Single,Yes,Software Engineer,7,88550,5,10.52,2
E00538,IVONXV,43,Female,Single,Yes,Software Engineer,12,88550,8,31.697,5
E00590,UDAXWM,28,Female,Single,Yes,Software Engineer,5,88550,3,32.816,3
E00618,BCMULXR,26,Female,Married,Yes,Software Engineer,27,88550,15,41.434,5
E00637,AIPOQBP,30,Female,Single,Yes,Software Engineer,2,88550,6,39.428,1
E00663,YVIPUNI,44,Female,Single,Yes,Software Engineer,8,88550,0,26.902,2
E00718,XGDHXEQD,43,Female,Single,Yes,Software Engineer,13,88550,16,44.145,5
E00772,TZSLAOFY,43,Male,Single,Yes,Software Engineer,13,88550,12,25.708,2
E00789,DNHIQRONJ,22,Female,Married,Yes,Software Engineer,24,88550,14,41.153,4
E00802,XIQBFLXRKQGGN,48,Female,Married,Yes,Software Engineer,38,88550,17,33.661,2
E00858,MYDZAD,20,Male,Married,Yes,Software Engineer,6,88550,3,35.803,0
E00867,SRQICGVNQQAZ,49,Female,Married,Yes,Software Engineer,13,88550,3,14.247,0
E00868,YVZWWSTCW,38,Male,Single,Yes,Software Engineer,2,88550,3,39.519,2
E00973,TSKMGOIT,50,Female,Married,Yes,Software Engineer,18,88550,6,21.103,0
E00990,QVXZQC,42,Female,Married,Yes,Software Engineer,7,88550,0,20.972,0
E0011,XERLFXSUB,50,Female,Married,No,Software Engineering Intern,13,26700,1,39.5,5
E0012,GALYYXRSQO,47,Male,Single,No,Software Engineering Intern,1,26700,0,11.75,1
E0019,GWSZMCFNUH,46,Female,Single,No,Software Engineering Intern,6,26700,14,14.559,2
E0024,LMBBKHMWGMNJ,40,Female,Single,No,Software Engineering Intern,10,26700,9,38.958,3
E0025,OIENS,30,Female,Married,No,Software Engineering Intern,25,26700,19,36.293,2
E0046,FLFEKRC,50,Female,Married,No,Software Engineering Intern,34,26700,15,4.744,4
E0050,PRDZBPVPX,45,Female,Single,No,Software Engineering Intern,4,26700,17,8.229,4
E0051,KBQEXF,32,Female,Single,No,Software Engineering Intern,22,26700,3,42.919,1
E0061,JRMKXQK,41,Female,Married,No,Software Engineering Intern,6,26700,2,36.113,3
E0069,LQZAE,22,Female,Single,No,Software Engineering Intern,7,26700,19,32.265,5
E0081,UOHTVYQYXH,20,Female,Single,No,Software Engineering Intern,20,26700,1,35.456,3
E0087,KQEJIZAN,29,Female,Married,No,Software Engineering Intern,5,26700,6,11.195,2
E0096,MVYZPCY,22,Female,Married,No,Software Engineering Intern,7,26700,2,47.005,4
E00113,GZPLXECL,28,Female,Single,No,Software Engineering Intern,23,26700,6,38.396,2
E00125,PQEZNW,34,Male,Married,No,Software Engineering Intern,5,26700,17,39.628,3
E00139,HSBVBUVZ,26,Female,Single,No,Software Engineering Intern,4,26700,15,34.93,0
E00165,FAXYSLVTSAZNXK,33,Male,Married,No,Software Engineering Intern,20,26700,8,7.95,5
E00166,GUYTWER,44,Female,Single,No,Software Engineering Intern,21,26700,9,1.638,1
E00170,GPHAXZIF,45,Female,Married,No,Software Engineering Intern,20,26700,16,26.434,1
E00177,IPCMGQJF,30,Male,Married,No,Software Engineering Intern,3,26700,7,47.903,1
E00220,DNMVZSQTRF,33,Female,Single,No,Software Engineering Intern,6,26700,13,3.998,0
E00232,RQPGMXFWMWKD,26,Male,Single,No,Software Engineering Intern,19,26700,13,39.267,4
E00240,GZQVGYNEK,46,Male,Married,No,Software Engineering Intern,20,26700,15,46.07,0
E00246,XQHGXXKN,36,Male,Married,No,Software Engineering Intern,44,26700,1,33.071,0
E00247,UOVYTMB,29,Female,Married,No,Software Engineering Intern,7,26700,7,47.985,3
E00252,KZGAUFAQLS,49,Female,Single,No,Software Engineering Intern,14,26700,17,43.885,5
E00258,KFHTHW,21,Female,Single,No,Software Engineering Intern,35,26700,14,26.643,0
E00274,YJXFZVJ,30,Male,Married,No,Software Engineering Intern,33,26700,8,8.595,0
E00288,VKOSDHOY,23,Male,Single,No,Software Engineering Intern,11,26700,10,28.597,1
E00290,SIESOPQR,40,Female,Single,No,Software Engineering Intern,1,26700,12,40.19,0
E00297,GYKWSJLUMKHX,39,Female,Married,No,Software Engineering Intern,4,26700,16,18.719,4
E00303,IPKNGLOJNNP,35,Female,Single,No,Software Engineering Intern,29,26700,15,20.127,5
E00311,OSREUQ,47,Male,Single,No,Software Engineering Intern,1,26700,1,36.944,5
E00340,IPGQGMU,34,Male,Single,No,Software Engineering Intern,1,26700,3,5.167,4
E00369,PRPPVLGJ,43,Female,Married,No,Software Engineering Intern,12,26700,6,4.975,0
E00382,PIPQIELT,25,Male,Married,No,Software Engineering Intern,30,26700,6,29.78,4
E00406,LOEUCZCBN,44,Female,Single,No,Software Engineering Intern,5,26700,11,44.019,0
E00412,PRSDZML,23,Male,Married,No,Software Engineering Intern,43,26700,0,42.442,5
E00424,BVLXPARL,45,Female,Single,No,Software Engineering Intern,13,26700,19,46.064,0
E00442,BTMLY,31,Female,Single,No,Software Engineering Intern,6,26700,12,3.689,5
E00448,UPBTOX,21,Female,Single,No,Software Engineering Intern,39,26700,11,13.693,2
E00459,UCALPBYBM,25,Female,Single,No,Software Engineering Intern,26,26700,3,27.142,3
E00467,FEKCNJGFPWL,26,Male,Single,No,Software Engineering Intern,8,26700,6,24.019,1
E00468,DTXJTSYIN,46,Female,Married,No,Software Engineering Intern,15,26700,3,32.221,0
E00480,SLABFTD,42,Female,Single,No,Software Engineering Intern,19,26700,16,22.252,0
E00491,XICYJDZHVW,34,Female,Single,No,Software Engineering Intern,45,26700,11,8.325,2
E00495,OQWDHPMDFZIS,23,Female,Married,No,Software Engineering Intern,2,26700,11,16.157,3
E00500,GGZLXXQQAZJJ,25,Female,Single,No,Software Engineering Intern,8,26700,13,45.061,2
E00501,TVOOXYFD,38,Female,Single,No,Software Engineering Intern,1,26700,5,23.771,5
E00503,XIEYJNDMF,36,Male,Single,No,Software Engineering Intern,3,26700,11,37.474,2
E00540,XBGRFOTKWTR,38,Male,Married,No,Software Engineering Intern,18,26700,17,22.033,0
E00542,LYWLHADF,24,Female,Single,No,Software Engineering Intern,12,26700,17,17.012,0
E00548,NEPPWX,35,Male,Single,No,Software Engineering Intern,16,26700,10,22.343,5
E00554,OBFYNE,50,Female,Married,No,Software Engineering Intern,30,26700,20,17.741,5
E00562,YRGKQN,39,Female,Married,No,Software Engineering Intern,24,26700,10,26.221,1
E00565,AUNPIZPEZB,38,Female,Married,No,Software Engineering Intern,6,26700,8,48.945,5
E00570,HIMFCMD,28,Male,Married,No,Software Engineering Intern,37,26700,18,2.782,3
E00576,KYCVRXK,38,Female,Single,No,Software Engineering Intern,34,26700,20,34.863,1
E00595,WABHIY,34,Female,Married,No,Software Engineering Intern,8,26700,13,48.969,4
E00613,AFRGIAGIZE,39,Female,Married,No,Software Engineering Intern,27,26700,17,28.627,0
E00619,QCULJ,33,Female,Single,No,Software Engineering Intern,4,26700,15,37.96,3
E00622,ZMSMNVKJ,26,Male,Married,No,Software Engineering Intern,1,26700,13,47.951,5
E00643,AKQIKJXIOJG,48,Male,Married,No,Software Engineering Intern,4,26700,20,36.039,5
E00661,SDBDIRRGL,26,Female,Married,No,Software Engineering Intern,4,26700,5,10.756,0
E00666,OCVFWGCBIZC,38,Male,Single,No,Software Engineering Intern,9,26700,18,38.819,2
E00681,DZSOPKJOVTSL,25,Male,Single,No,Software Engineering Intern,1,26700,14,1.191,3
E00702,YFWYAAXCNXAK,44,Female,Single,No,Software Engineering Intern,6,26700,0,11.65,0
E00731,TROJGWOKHKR,37,Male,Single,No,Software Engineering Intern,42,26700,14,16.44,0
E00741,VGOROXRJGVHG,44,Female,Married,No,Software Engineering Intern,8,26700,6,4.062,1
E00742,KPBGM,46,Female,Single,No,Software Engineering Intern,23,26700,17,28.056,1
E00744,NEYHWZM,26,Male,Married,No,Software Engineering Intern,5,26700,3,10.33,0
E00752,TIATUR,34,Male,Married,No,Software Engineering Intern,29,26700,12,23.664,4
E00765,PHDHLODC,30,Female,Married,No,Software Engineering Intern,12,26700,11,33.437,0
E00770,TRIHQV,26,Female,Single,No,Software Engineering Intern,1,26700,17,26.845,4
E00780,CSNSCEP,39,Male,Single,No,Software Engineering Intern,3,26700,13,45.272,5
E00785,VINJGGRAXM,36,Male,Single,No,Software Engineering Intern,31,26700,14,44.192,4
E00790,CRIYNAQOX,48,Female,Single,No,Software Engineering Intern,15,26700,0,13.726,1
E00796,KBJUY,40,Female,Single,No,Software Engineering Intern,9,26700,4,6.649,5
E00798,RNFRFZPKCJIN,28,Male,Married,No,Software Engineering Intern,7,26700,1,19.186,1
E00813,IYYQAMNUM,39,Female,Single,No,Software Engineering Intern,12,26700,20,21.44,1
E00823,PHBRGTKDRA,49,Female,Single,No,Software Engineering Intern,4,26700,13,3.197,2
E00825,XVLYSUTH,33,Male,Married,No,Software Engineering Intern,13,26700,6,21.79,0
E00828,YFZTQRHJ,33,Female,Single,No,Software Engineering Intern,19,26700,4,25.949,2
E00834,UTRZIWXU,44,Male,Married,No,Software Engineering Intern,6,26700,7,21.632,5
E00835,NMCJFBFMQ,37,Female,Married,No,Software Engineering Intern,10,26700,13,1.318,5
E00848,GROPJTKA,43,Male,Single,No,Software Engineering Intern,36,26700,15,16.938,4
E00849,PXWPNXG,46,Female,Married,No,Software Engineering Intern,32,26700,5,43.602,3
E00851,NYUVUORWNCC,28,Female,Married,No,Software Engineering Intern,11,26700,7,8.006,0
E00865,ZNVNVWRP,23,Female,Single,No,Software Engineering Intern,6,26700,5,8.89,2
E00866,CAZXIRKR,26,Male,Single,No,Software Engineering Intern,24,26700,4,9.661,4
E00881,JMQQUEZV,47,Female,Married,No,Software Engineering Intern,37,26700,4,43.196,4
E00882,LPEESBS,27,Female,Single,No,Software Engineering Intern,2,26700,3,19.86,4
E00899,NVKPIHJZSZW,43,Female,Single,No,Software Engineering Intern,1,26700,6,20.08,4
E00907,WCPFVI,38,Male,Married,No,Software Engineering Intern,17,26700,4,49.177,3
E00930,OWYGMWTHAGIX,40,Female,Single,No,Software Engineering Intern,28,26700,15,19.686,0
E00941,ZMGUHRYPXVJAQ,49,Female,Single,No,Software Engineering Intern,3,26700,17,28.131,4
E00943,RGEILW,21,Female,Married,No,Software Engineering Intern,33,26700,3,36.127,2
E00953,XUULNASX,36,Male,Single,No,Software Engineering Intern,1,26700,1,22.93,3
E00966,DSOANAF,44,Female,Married,No,Software Engineering Intern,9,26700,1,21.107,3
E00981,BRNBMITP,39,Female,Single,No,Software Engineering Intern,4,26700,5,30.316,5
E00991,IPYEJ,38,Female,Single,No,Software Engineering Intern,13,26700,2,11.384,2
E00997,EYBGVSIHHYC,44,Male,Married,No,Software Engineering Intern,20,26700,11,7.868,1
E0059,KMJNRVILL,20,Female,Single,Yes,System Admin,11,58700,15,18.14,5
E0080,RUBFPCXT,20,Male,Single,Yes,System Admin,5,58700,3,40.815,3
E00117,CFFEJBSH,36,Female,Single,Yes,System Admin,3,58700,6,34.115,2
E00174,YTNELJWH,43,Female,Single,Yes,System Admin,34,58700,20,20.167,0
E00255,IPOYEJFFYK,33,Female,Single,Yes,System Admin,15,58700,12,19.921,5
E00293,PPDRNSIFJ,46,Female,Single,Yes,System Admin,4,58700,2,13.681,4
E00294,XRGYIT,41,Female,Single,Yes,System Admin,4,58700,9,20.47,1
E00334,TZVQJUGO,46,Female,Single,Yes,System Admin,14,58700,2,7.47,3
E00372,SBYPWKWZCUGI,48,Male,Single,Yes,System Admin,32,58700,0,11.541,1
E00379,TEEXGPFIVGHGZ,45,Female,Single,Yes,System Admin,31,58700,0,16.344,1
E00385,YQGYLTXHI,40,Female,Single,Yes,System Admin,19,58700,18,13.392,3
E00387,MZHWSNJQY,34,Female,Married,Yes,System Admin,23,58700,12,17.905,3
E00404,XFAHFXXS,23,Male,Single,Yes,System Admin,10,58700,6,47.064,3
E00526,KUCWUXXTL,36,Female,Married,Yes,System Admin,25,58700,11,37.369,4
E00531,WWYADJS,26,Male,Single,Yes,System Admin,38,58700,16,47.695,3
E00568,GUFXG,30,Female,Single,Yes,System Admin,1,58700,18,2.33,5
E00577,HPOIOTHYZIRTT,36,Male,Single,Yes,System Admin,24,58700,5,43.856,2
E00611,SUDBJKY,29,Male,Married,Yes,System Admin,9,58700,11,35.458,1
E00624,KYQROLRKBJFE,44,Female,Single,Yes,System Admin,2,58700,2,7.685,1
E00671,FSTZARCFV,38,Female,Married,Yes,System Admin,1,58700,12,30.681,3
E00675,CRUCDE,28,Male,Married,Yes,System Admin,2,58700,18,1.283,0
E00687,VORVTKUMB,28,Female,Single,Yes,System Admin,1,58700,19,48.828,3
E00735,OTUBSMMKTM,43,Male,Married,Yes,System Admin,6,58700,19,45.355,5
E00775,OBCWYHLINYQB,30,Female,Single,Yes,System Admin,3,58700,0,42.445,2
E00793,WTRQV,29,Male,Married,Yes,System Admin,16,58700,1,45.37,5
E00799,LDBRMVLZOQ,32,Female,Married,Yes,System Admin,28,58700,17,39.68,4
E00816,XDWXUVUQL,36,Female,Married,Yes,System Admin,22,58700,18,24.807,1
E00904,JMQHNW,28,Female,Single,Yes,System Admin,25,58700,13,23.543,5
E0028,PBXQKFIVXT,45,Female,Single,Yes,System Analyst,8,91250,20,34.085,3
E00128,EBPTT,43,Female,Married,Yes,System Analyst,24,91250,19,28.406,1
E00149,HPYWPZW,35,Male,Single,Yes,System Analyst,3,91250,12,33.105,3
E00182,OLVXPVZECAL,43,Female,Single,Yes,System Analyst,15,91250,8,11.959,3
E00189,AHEVYPMRYWWJT,24,Female,Single,Yes,System Analyst,4,91250,5,33.593,2
E00239,DYKJDEP,41,Female,Single,Yes,System Analyst,6,91250,11,13.274,1
E00287,VUUVNC,30,Female,Single,Yes,System Analyst,1,91250,18,41.431,4
E00289,WZXVRHRQBXRIM,26,Female,Single,Yes,System Analyst,14,91250,1,13.615,1
E00322,JRVJWJXTF,34,Female,Single,Yes,System Analyst,2,91250,18,15.104,5
E00339,HCLNFOA,30,Male,Married,Yes,System Analyst,28,91250,15,23.445,5
E00374,IAJUUH,32,Female,Married,Yes,System Analyst,8,91250,15,9.633,3
E00409,BSPTBFNG,46,Female,Single,Yes,System Analyst,19,91250,14,25.528,0
E00446,MOIECCWAOJL,46,Female,Married,Yes,System Analyst,4,91250,10,11.338,4
E00453,QAHRFQEYE,28,Female,Married,Yes,System Analyst,41,91250,2,25.843,1
E00454,IKIGFK,21,Female,Single,Yes,System Analyst,13,91250,7,21.091,0
E00484,TATBQECB,41,Female,Single,Yes,System Analyst,19,91250,1,27.382,4
E00651,SLPJATZWS,36,Female,Single,Yes,System Analyst,12,91250,5,13.029,5
E00685,FFXPNRPFZSW,48,Female,Single,Yes,System Analyst,9,91250,13,13.951,1
E00706,IOBYZPN,23,Female,Married,Yes,System Analyst,23,91250,20,39.532,5
E00725,PQZOMSHTSC,39,Female,Single,Yes,System Analyst,3,91250,12,21.657,3
E00771,VMNFUDYPHC,38,Female,Single,Yes,System Analyst,1,91250,5,20.076,4
E00846,NNZVSBL,44,Female,Single,Yes,System Analyst,5,91250,6,31.986,3
E00859,XYKTUBH,32,Female,Married,Yes,System Analyst,8,91250,18,34.481,1
E00921,VICOWSV,45,Female,Married,Yes,System Analyst,3,91250,8,47.532,5
E00928,ZCRETTX,21,Male,Single,Yes,System Analyst,5,91250,14,26.394,1
E00937,BVAWF,32,Male,Married,Yes,System Analyst,7,91250,8,38.367,5
E00988,FSVAGRPAJ,20,Male,Single,Yes,System Analyst,4,91250,17,47.786,3
E007,CHUHVMYJ,39,Female,Single,Yes,Tech Lead,7,75000,13,39.17,3
E008,RQIHMTWQ,50,Male,Married,Yes,Tech Lead,3,75000,7,19.599,1
E0083,FPXMOUEM,36,Male,Married,Yes,Tech Lead,28,75000,13,41.192,1
E00106,LJLSZHZODACZKPM,24,Male,Single,Yes,Tech Lead,33,75000,4,23.36,5
E00184,AUJMDFZA,35,Female,Married,Yes,Tech Lead,15,75000,1,47.12,3
E00185,QMPXMYPY,48,Female,Married,Yes,Tech Lead,36,75000,20,36.741,2
E00192,DQPYXNIMEQJBKIG,36,Female,Single,Yes,Tech Lead,1,75000,0,48,0
E00197,DSEBQRFGDX,48,Male,Single,Yes,Tech Lead,5,75000,17,47.487,2
E00212,QKVFMK,46,Female,Single,Yes,Tech Lead,10,75000,8,11.975,4
E00315,OUZLC,43,Male,Married,Yes,Tech Lead,35,75000,9,35.833,5
E00351,NGKTIPNQ,38,Female,Single,Yes,Tech Lead,19,75000,2,46.65,1
E00356,BMKZAFN,42,Male,Single,Yes,Tech Lead,10,75000,6,17.698,4
E00359,DOHAGQTE,47,Female,Single,Yes,Tech Lead,10,75000,6,40.917,1
E00401,WWZHOD,22,Female,Single,Yes,Tech Lead,32,75000,19,33.665,2
E00458,NBHSVSRB,32,Female,Married,Yes,Tech Lead,6,75000,5,40.478,3
E00515,QIESKO,36,Female,Single,Yes,Tech Lead,30,75000,16,28.697,1
E00544,CUPSVRQLLUDDFF,30,Female,Single,Yes,Tech Lead,3,75000,15,12.573,2
E00553,IDFNIL,43,Male,Married,Yes,Tech Lead,7,75000,7,35.251,5
E00654,NNBTVBYYE,35,Male,Married,Yes,Tech Lead,6,75000,10,32.668,1
E00667,BZDAX,47,Female,Single,Yes,Tech Lead,14,75000,5,26.784,5
E00721,KRSKJDCQRQZEZAQDN,39,Female,Single,Yes,Tech Lead,3,75000,3,32.898,4
E00763,XAKLZ,23,Female,Single,Yes,Tech Lead,10,75000,0,27.233,0
E00791,EBWTRCZ,50,Female,Single,Yes,Tech Lead,2,75000,10,39.125,0
E00808,KNDURDYO,28,Male,Married,Yes,Tech Lead,18,75000,5,3.705,5
E00850,TRUDYBEQGRWI,42,Female,Single,Yes,Tech Lead,8,75000,20,3.138,2
E00852,GOJHGB,40,Male,Single,Yes,Tech Lead,11,75000,12,46.619,4
E00864,WZINHHA,26,Male,Single,Yes,Tech Lead,4,75000,6,2.915,0
E00878,ZWFMSK,36,Male,Married,Yes,Tech Lead,4,75000,13,9.213,5
E00890,TLWSIPEICRHG,50,Female,Single,Yes,Tech Lead,14,75000,19,43.719,2
E00911,EHOSZACUIO,32,Male,Single,Yes,Tech Lead,2,75000,14,24.633,1
E00917,UKAHGEL,35,Female,Married,Yes,Tech Lead,4,75000,20,15.89,2
E00919,MRSKYZAJ,28,Female,Single,Yes,Tech Lead,23,75000,2,39.63,3
E00961,HWZTXXG,39,Female,Single,Yes,Tech Lead,6,75000,15,41.924,0
E00979,EGACETWIIE,31,Female,Single,Yes,Tech Lead,4,75000,12,36.527,0
